ticket_id,breached_by_minutes,timestamp,status_name
TKT-1-202607-00002,5670,"2026-07-01 00:36:46","Open (New)"
TKT-1-202607-00002,5670,"2026-07-01 08:57:31","Assigned (In Progress)"
TKT-1-202607-00002,5670,"2026-07-01 12:14:07","On Hold (Pending with Requester)"
TKT-1-202607-00002,5670,"2026-07-06 17:02:24","Assigned (In Progress)"
TKT-1-202607-00002,5670,"2026-07-07 10:09:51","On Hold (Pending with Requester)"
TKT-1-202607-00002,5670,"2026-07-14 13:48:08","Assigned (In Progress)"
TKT-1-202607-00002,5670,"2026-07-14 14:20:00","On Hold (Pending with Requester)"
TKT-1-202607-00002,5670,"2026-07-14 15:10:54","Assigned (In Progress)"
TKT-1-202607-00002,5670,"2026-07-14 16:26:25",Resolved
TKT-1-202607-00002,5670,"2026-07-14 18:23:42",Reopened
TKT-1-202607-00002,5670,"2026-07-15 04:11:01","Assigned (In Progress)"
TKT-1-202607-00002,5670,"2026-07-27 14:18:34",Resolved
TKT-1-202607-00014,3620,"2026-07-01 13:00:56","Open (New)"
TKT-1-202607-00014,3620,"2026-07-01 13:03:16","Assigned (In Progress)"
TKT-1-202607-00014,3620,"2026-07-03 17:00:05","On Hold (Pending with Requester)"
TKT-1-202607-00014,3620,"2026-07-04 11:50:35","Assigned (In Progress)"
TKT-1-202607-00014,3620,"2026-07-09 14:41:43","On Hold (Pending with Requester)"
TKT-1-202607-00014,3620,"2026-07-09 16:01:53","Assigned (In Progress)"
TKT-1-202607-00014,3620,"2026-07-10 14:28:13","On Hold (Pending with Requester)"
TKT-1-202607-00014,3620,"2026-07-10 14:36:05","Assigned (In Progress)"
TKT-1-202607-00014,3620,"2026-07-10 14:38:15",Resolved
TKT-1-202607-00048,704,"2026-07-01 16:00:21","Open (New)"
TKT-1-202607-00048,704,"2026-07-01 16:42:34","Assigned (In Progress)"
TKT-1-202607-00048,704,"2026-07-03 17:39:54","On Hold (Pending with Requester)"
TKT-1-202607-00048,704,"2026-07-08 10:06:52","Assigned (In Progress)"
TKT-1-202607-00048,704,"2026-07-08 10:07:14",Resolved
TKT-1-202607-00068,2801,"2026-07-01 17:25:48","Open (New)"
TKT-1-202607-00068,2801,"2026-07-01 17:33:41","Assigned (In Progress)"
TKT-1-202607-00068,2801,"2026-07-01 20:57:03","On Hold (Pending with Requester)"
TKT-1-202607-00068,2801,"2026-07-02 15:50:04","Assigned (In Progress)"
TKT-1-202607-00068,2801,"2026-07-03 18:42:47","On Hold (Pending with Requester)"
TKT-1-202607-00068,2801,"2026-07-03 18:44:55","Assigned (In Progress)"
TKT-1-202607-00068,2801,"2026-07-09 15:54:58",Resolved
TKT-1-202607-00140,4058,"2026-07-02 11:20:32","Open (New)"
TKT-1-202607-00140,4058,"2026-07-02 11:21:24","Assigned (In Progress)"
TKT-1-202607-00140,4058,"2026-07-03 09:48:35","On Hold (Pending with Requester)"
TKT-1-202607-00140,4058,"2026-07-03 10:40:35","Assigned (In Progress)"
TKT-1-202607-00140,4058,"2026-07-06 09:48:51","On Hold (Pending with Requester)"
TKT-1-202607-00140,4058,"2026-07-07 10:43:33","Assigned (In Progress)"
TKT-1-202607-00140,4058,"2026-07-13 16:41:47",Resolved
TKT-1-202607-00624,26339,"2026-07-03 12:25:52","Open (New)"
TKT-1-202607-00624,26339,"2026-07-03 12:26:59","Assigned (In Progress)"
TKT-1-202607-00624,26339,"2026-07-03 15:17:35",Resolved
TKT-1-202607-00624,26339,"2026-07-03 16:26:37",Reopened
TKT-1-202607-00624,26339,"2026-07-03 16:32:31","Assigned (In Progress)"
TKT-1-202607-00624,26339,"2026-07-06 09:21:35","On Hold (Pending with Requester)"
TKT-1-202607-00624,26339,"2026-07-07 13:25:24","Assigned (In Progress)"
TKT-1-202607-00624,26339,"2026-07-07 17:17:27","On Hold (Pending with Requester)"
TKT-1-202607-00624,26339,"2026-07-09 11:04:11","Assigned (In Progress)"
TKT-1-202607-00624,26339,"2026-07-09 14:36:01","On Hold (Pending with Requester)"
TKT-1-202607-00624,26339,"2026-07-10 10:57:58","Assigned (In Progress)"
TKT-1-202607-00624,26339,"2026-07-10 12:00:18","On Hold (Pending with Requester)"
TKT-1-202607-00624,26339,"2026-07-13 12:06:44","Assigned (In Progress)"
TKT-1-202607-00624,26339,"2026-07-13 15:21:55","On Hold (Pending with Requester)"
TKT-1-202607-00624,26339,"2026-07-14 12:45:18","Assigned (In Progress)"
TKT-1-202607-00624,26339,"2026-07-14 18:13:22","On Hold (Pending with Requester)"
TKT-1-202607-00624,26339,"2026-07-15 14:08:07","Assigned (In Progress)"
TKT-1-202607-00624,26339,"2026-07-22 17:53:06","On Hold (Pending with Requester)"
TKT-1-202607-00624,26339,"2026-07-23 11:31:06","Assigned (In Progress)"
TKT-1-202607-00624,26339,"2026-08-15 11:47:52","On Hold (Pending with Requester)"
TKT-1-202607-00624,26339,"2026-08-17 11:10:46","Assigned (In Progress)"
TKT-1-202607-00624,26339,"2026-09-08 18:10:21","On Hold (Pending with Requester)"
TKT-1-202607-00624,26339,"2026-09-09 12:14:28","Assigned (In Progress)"
TKT-1-202607-00624,26339,"2026-09-10 15:33:47",Resolved
TKT-1-202607-00690,1617,"2026-07-03 16:01:24","Open (New)"
TKT-1-202607-00690,1617,"2026-07-03 16:08:48","Assigned (In Progress)"
TKT-1-202607-00690,1617,"2026-07-03 16:53:34","On Hold (Pending with Requester)"
TKT-1-202607-00690,1617,"2026-07-10 12:37:11","Assigned (In Progress)"
TKT-1-202607-00690,1617,"2026-07-13 12:18:49","On Hold (Pending with Requester)"
TKT-1-202607-00690,1617,"2026-07-16 11:30:34","Assigned (In Progress)"
TKT-1-202607-00690,1617,"2026-07-17 17:40:17","On Hold (Pending with Requester)"
TKT-1-202607-00690,1617,"2026-07-20 16:34:31","Assigned (In Progress)"
TKT-1-202607-00690,1617,"2026-07-20 16:34:38",Resolved
TKT-1-202607-00690,1617,"2026-07-22 17:12:06",Reopened
TKT-1-202607-00690,1617,"2026-07-22 17:24:10","Assigned (In Progress)"
TKT-1-202607-00690,1617,"2026-07-22 18:33:22","On Hold (Pending with Requester)"
TKT-1-202607-00690,1617,"2026-07-24 17:49:58","Assigned (In Progress)"
TKT-1-202607-00690,1617,"2026-07-24 17:50:41",Resolved
TKT-1-202607-00690,1617,"2026-07-25 12:33:11",Reopened
TKT-1-202607-00690,1617,"2026-07-25 16:20:22","Assigned (In Progress)"
TKT-1-202607-00690,1617,"2026-07-25 16:57:15",Resolved
TKT-1-202607-00700,1951,"2026-07-03 16:17:36","Open (New)"
TKT-1-202607-00700,1951,"2026-07-03 16:19:03","Assigned (In Progress)"
TKT-1-202607-00700,1951,"2026-07-03 16:59:51","On Hold (Pending with Requester)"
TKT-1-202607-00700,1951,"2026-07-06 11:13:27","Assigned (In Progress)"
TKT-1-202607-00700,1951,"2026-07-06 12:58:13","On Hold (Pending with Requester)"
TKT-1-202607-00700,1951,"2026-07-13 13:21:44","Assigned (In Progress)"
TKT-1-202607-00700,1951,"2026-07-17 12:42:04","On Hold (Pending with Requester)"
TKT-1-202607-00700,1951,"2026-07-27 12:40:26","Assigned (In Progress)"
TKT-1-202607-00700,1951,"2026-07-27 15:10:05","On Hold (Pending with Requester)"
TKT-1-202607-00700,1951,"2026-07-29 13:03:50","Assigned (In Progress)"
TKT-1-202607-00700,1951,"2026-07-29 13:16:17",Resolved
TKT-1-202607-00700,1951,"2026-07-29 16:15:41",Closed
TKT-1-202607-00701,2252,"2026-07-03 16:21:50","Open (New)"
TKT-1-202607-00701,2252,"2026-07-03 16:32:02","Assigned (In Progress)"
TKT-1-202607-00701,2252,"2026-07-09 16:52:35","On Hold (Pending with Requester)"
TKT-1-202607-00701,2252,"2026-07-10 11:34:17","Assigned (In Progress)"
TKT-1-202607-00701,2252,"2026-07-10 11:41:34",Resolved
TKT-1-202607-00714,12446,"2026-07-03 17:15:00","Open (New)"
TKT-1-202607-00714,12446,"2026-07-03 17:17:13","Assigned (In Progress)"
TKT-1-202607-00714,12446,"2026-07-03 18:01:14","On Hold (Pending with Requester)"
TKT-1-202607-00714,12446,"2026-07-15 12:55:21","Assigned (In Progress)"
TKT-1-202607-00714,12446,"2026-08-05 14:53:39","On Hold (Pending with Requester)"
TKT-1-202607-00714,12446,"2026-08-06 15:19:25","Assigned (In Progress)"
TKT-1-202607-00714,12446,"2026-08-14 11:58:50",Resolved
TKT-1-202607-00770,233,"2026-07-04 11:38:09","Open (New)"
TKT-1-202607-00770,233,"2026-07-04 11:39:25","Assigned (In Progress)"
TKT-1-202607-00770,233,"2026-07-06 14:27:08",Resolved
TKT-1-202607-00773,659,"2026-07-04 11:49:20","Open (New)"
TKT-1-202607-00773,659,"2026-07-04 11:50:31","Assigned (In Progress)"
TKT-1-202607-00773,659,"2026-07-08 09:54:10",Resolved
TKT-1-202607-00778,2506,"2026-07-04 12:01:32","Open (New)"
TKT-1-202607-00778,2506,"2026-07-04 12:01:59","Assigned (In Progress)"
TKT-1-202607-00778,2506,"2026-07-06 11:02:09","On Hold (Pending with Requester)"
TKT-1-202607-00778,2506,"2026-07-06 11:43:01","Assigned (In Progress)"
TKT-1-202607-00778,2506,"2026-07-06 12:43:46","On Hold (Pending with Requester)"
TKT-1-202607-00778,2506,"2026-07-09 20:14:24","Assigned (In Progress)"
TKT-1-202607-00778,2506,"2026-07-10 11:29:03","On Hold (Pending with Requester)"
TKT-1-202607-00778,2506,"2026-07-10 11:51:03","Assigned (In Progress)"
TKT-1-202607-00778,2506,"2026-07-10 12:11:52","On Hold (Pending with Requester)"
TKT-1-202607-00778,2506,"2026-07-10 12:29:30","Assigned (In Progress)"
TKT-1-202607-00778,2506,"2026-07-10 17:40:07","On Hold (Pending with Requester)"
TKT-1-202607-00778,2506,"2026-07-10 20:56:03","Assigned (In Progress)"
TKT-1-202607-00778,2506,"2026-07-13 11:34:28","On Hold (Pending with Requester)"
TKT-1-202607-00778,2506,"2026-07-20 16:04:59","Assigned (In Progress)"
TKT-1-202607-00778,2506,"2026-07-22 17:52:49","On Hold (Pending with Requester)"
TKT-1-202607-00778,2506,"2026-07-25 12:52:12","Assigned (In Progress)"
TKT-1-202607-00778,2506,"2026-07-25 13:29:32","On Hold (Pending with Requester)"
TKT-1-202607-00778,2506,"2026-07-28 13:43:34","Assigned (In Progress)"
TKT-1-202607-00778,2506,"2026-07-28 14:28:31",Resolved
TKT-1-202607-00778,2506,"2026-08-04 14:27:01",Closed
TKT-1-202607-00780,1577,"2026-07-04 12:05:38","Open (New)"
TKT-1-202607-00780,1577,"2026-07-04 12:09:40","Assigned (In Progress)"
TKT-1-202607-00780,1577,"2026-07-09 16:16:34",Resolved
TKT-1-202607-00788,118,"2026-07-04 12:05:50","Open (New)"
TKT-1-202607-00788,118,"2026-07-04 12:10:59","Assigned (In Progress)"
TKT-1-202607-00788,118,"2026-07-06 19:09:58","On Hold (Pending with Requester)"
TKT-1-202607-00788,118,"2026-07-10 13:58:27","Assigned (In Progress)"
TKT-1-202607-00788,118,"2026-07-10 14:52:01",Resolved
TKT-1-202607-00802,2011,"2026-07-04 12:27:59","Open (New)"
TKT-1-202607-00802,2011,"2026-07-04 12:29:32","Assigned (In Progress)"
TKT-1-202607-00802,2011,"2026-07-04 17:15:14",Resolved
TKT-1-202607-00802,2011,"2026-07-07 16:15:55",Reopened
TKT-1-202607-00802,2011,"2026-07-07 16:21:04","Assigned (In Progress)"
TKT-1-202607-00802,2011,"2026-07-07 16:35:24",Resolved
TKT-1-202607-00802,2011,"2026-07-07 16:58:32",Reopened
TKT-1-202607-00802,2011,"2026-07-08 09:04:19","Assigned (In Progress)"
TKT-1-202607-00802,2011,"2026-07-08 10:23:39",Resolved
TKT-1-202607-00802,2011,"2026-07-08 10:35:43",Reopened
TKT-1-202607-00802,2011,"2026-07-08 10:40:27","Assigned (In Progress)"
TKT-1-202607-00802,2011,"2026-07-08 15:00:22",Resolved
TKT-1-202607-00802,2011,"2026-07-08 16:13:35",Reopened
TKT-1-202607-00802,2011,"2026-07-08 16:25:46","Assigned (In Progress)"
TKT-1-202607-00802,2011,"2026-07-09 16:34:23","On Hold (Pending with Requester)"
TKT-1-202607-00802,2011,"2026-07-09 16:51:18","Assigned (In Progress)"
TKT-1-202607-00802,2011,"2026-07-13 11:32:35",Resolved
TKT-1-202607-00814,64,"2026-07-04 12:57:57","Open (New)"
TKT-1-202607-00814,64,"2026-07-04 13:10:11","Assigned (In Progress)"
TKT-1-202607-00814,64,"2026-07-06 19:59:35","On Hold (Pending with Requester)"
TKT-1-202607-00814,64,"2026-07-13 11:53:49","Assigned (In Progress)"
TKT-1-202607-00814,64,"2026-07-13 11:54:38",Resolved
TKT-1-202607-00820,253,"2026-07-04 13:28:49","Open (New)"
TKT-1-202607-00820,253,"2026-07-04 15:12:40","Assigned (In Progress)"
TKT-1-202607-00820,253,"2026-07-06 16:38:16",Resolved
TKT-1-202607-00822,331,"2026-07-04 13:33:41","Open (New)"
TKT-1-202607-00822,331,"2026-07-04 15:12:57","Assigned (In Progress)"
TKT-1-202607-00822,331,"2026-07-06 18:41:51",Resolved
TKT-1-202607-00824,294,"2026-07-04 13:35:23","Open (New)"
TKT-1-202607-00824,294,"2026-07-04 15:13:08","Assigned (In Progress)"
TKT-1-202607-00824,294,"2026-07-06 17:25:13",Resolved
TKT-1-202607-00824,294,"2026-07-08 14:07:11","Assigned (In Progress)"
TKT-1-202607-00824,294,"2026-07-08 14:09:44",Resolved
TKT-1-202607-00829,267,"2026-07-04 13:59:07","Open (New)"
TKT-1-202607-00829,267,"2026-07-04 15:13:47","Assigned (In Progress)"
TKT-1-202607-00829,267,"2026-07-06 17:22:32",Resolved
TKT-1-202607-00830,676,"2026-07-04 13:59:31","Open (New)"
TKT-1-202607-00830,676,"2026-07-04 15:13:52","Assigned (In Progress)"
TKT-1-202607-00830,676,"2026-07-07 16:25:38",Resolved
TKT-1-202607-00835,6683,"2026-07-04 14:27:21","Open (New)"
TKT-1-202607-00835,6683,"2026-07-04 15:14:25","Assigned (In Progress)"
TKT-1-202607-00835,6683,"2026-07-06 10:59:26","On Hold (Pending with Requester)"
TKT-1-202607-00835,6683,"2026-07-06 15:22:40","Assigned (In Progress)"
TKT-1-202607-00835,6683,"2026-07-21 12:54:21","On Hold (Pending with FCI)"
TKT-1-202607-00835,6683,"2026-08-05 11:56:19","Assigned (In Progress)"
TKT-1-202607-00835,6683,"2026-08-05 11:58:24",Resolved
TKT-1-202607-00835,6683,"2026-08-06 12:44:37",Closed
TKT-1-202607-00838,1222,"2026-07-04 14:31:05","Open (New)"
TKT-1-202607-00838,1222,"2026-07-04 15:14:47","Assigned (In Progress)"
TKT-1-202607-00838,1222,"2026-07-06 19:41:00","On Hold (Pending with Requester)"
TKT-1-202607-00838,1222,"2026-07-07 15:47:10","Assigned (In Progress)"
TKT-1-202607-00838,1222,"2026-07-08 18:49:36","On Hold (Pending with Requester)"
TKT-1-202607-00838,1222,"2026-07-16 12:05:40","Assigned (In Progress)"
TKT-1-202607-00838,1222,"2026-07-17 11:54:11",Resolved
TKT-1-202607-00842,1749,"2026-07-04 14:44:10","Open (New)"
TKT-1-202607-00842,1749,"2026-07-04 15:16:12","Assigned (In Progress)"
TKT-1-202607-00842,1749,"2026-07-10 10:35:37",Resolved
TKT-1-202607-00842,1749,"2026-07-10 13:06:33",Closed
TKT-1-202607-00844,181,"2026-07-04 14:57:28","Open (New)"
TKT-1-202607-00844,181,"2026-07-04 15:16:27","Assigned (In Progress)"
TKT-1-202607-00844,181,"2026-07-07 10:56:59",Resolved
TKT-1-202607-00846,2822,"2026-07-04 15:03:28","Open (New)"
TKT-1-202607-00846,2822,"2026-07-04 15:17:23","Assigned (In Progress)"
TKT-1-202607-00846,2822,"2026-07-06 10:50:18","On Hold (Pending with Requester)"
TKT-1-202607-00846,2822,"2026-07-10 15:34:14","Assigned (In Progress)"
TKT-1-202607-00846,2822,"2026-07-14 17:07:32","On Hold (Pending with Requester)"
TKT-1-202607-00846,2822,"2026-07-15 14:06:39","Assigned (In Progress)"
TKT-1-202607-00846,2822,"2026-07-18 11:55:27",Resolved
TKT-1-202607-00857,520,"2026-07-04 16:16:49","Open (New)"
TKT-1-202607-00857,520,"2026-07-04 16:20:06","Assigned (In Progress)"
TKT-1-202607-00857,520,"2026-07-04 16:28:07","On Hold (Pending with Requester)"
TKT-1-202607-00857,520,"2026-07-07 14:35:35","Assigned (In Progress)"
TKT-1-202607-00857,520,"2026-07-07 14:35:57",Resolved
TKT-1-202607-00857,520,"2026-07-09 16:29:05",Reopened
TKT-1-202607-00857,520,"2026-07-09 16:30:51","Assigned (In Progress)"
TKT-1-202607-00857,520,"2026-07-09 17:56:35","On Hold (Pending with Requester)"
TKT-1-202607-00857,520,"2026-07-10 11:36:15","Assigned (In Progress)"
TKT-1-202607-00857,520,"2026-07-10 15:15:26",Resolved
TKT-1-202607-00857,520,"2026-07-10 15:32:06",Reopened
TKT-1-202607-00857,520,"2026-07-10 15:36:32","Assigned (In Progress)"
TKT-1-202607-00857,520,"2026-07-10 16:05:24",Resolved
TKT-1-202607-00857,520,"2026-07-10 16:32:09",Reopened
TKT-1-202607-00857,520,"2026-07-10 16:49:34","Assigned (In Progress)"
TKT-1-202607-00857,520,"2026-07-13 11:24:54",Resolved
TKT-1-202607-00857,520,"2026-07-21 13:08:25",Closed
TKT-1-202607-00861,2417,"2026-07-04 16:30:24","Open (New)"
TKT-1-202607-00861,2417,"2026-07-04 16:34:09","Assigned (In Progress)"
TKT-1-202607-00861,2417,"2026-07-04 17:38:19","On Hold (Pending with Requester)"
TKT-1-202607-00861,2417,"2026-07-06 10:52:08","Assigned (In Progress)"
TKT-1-202607-00861,2417,"2026-07-06 11:22:30","On Hold (Pending with Requester)"
TKT-1-202607-00861,2417,"2026-07-06 11:48:01","Assigned (In Progress)"
TKT-1-202607-00861,2417,"2026-07-06 12:32:24","On Hold (Pending with Requester)"
TKT-1-202607-00861,2417,"2026-07-06 15:57:54","Assigned (In Progress)"
TKT-1-202607-00861,2417,"2026-07-08 17:29:33","On Hold (Pending with Requester)"
TKT-1-202607-00861,2417,"2026-07-09 12:50:36","Assigned (In Progress)"
TKT-1-202607-00861,2417,"2026-07-13 12:14:01","On Hold (Pending with Requester)"
TKT-1-202607-00861,2417,"2026-07-30 12:21:23","Assigned (In Progress)"
TKT-1-202607-00861,2417,"2026-07-30 12:21:39",Resolved
TKT-1-202607-00864,3704,"2026-07-04 16:36:15","Open (New)"
TKT-1-202607-00864,3704,"2026-07-04 16:44:50","Assigned (In Progress)"
TKT-1-202607-00864,3704,"2026-07-06 16:36:12","On Hold (Pending with Requester)"
TKT-1-202607-00864,3704,"2026-07-07 15:53:52","Assigned (In Progress)"
TKT-1-202607-00864,3704,"2026-07-07 18:28:27","On Hold (Pending with Requester)"
TKT-1-202607-00864,3704,"2026-07-09 13:07:15","Assigned (In Progress)"
TKT-1-202607-00864,3704,"2026-07-09 16:13:08","On Hold (Pending with Requester)"
TKT-1-202607-00864,3704,"2026-07-11 19:37:24","Assigned (In Progress)"
TKT-1-202607-00864,3704,"2026-07-16 16:00:24","On Hold (Pending with Requester)"
TKT-1-202607-00864,3704,"2026-07-20 12:27:47","Assigned (In Progress)"
TKT-1-202607-00864,3704,"2026-07-21 12:02:21","On Hold (Pending with Requester)"
TKT-1-202607-00864,3704,"2026-07-22 16:05:26","Assigned (In Progress)"
TKT-1-202607-00864,3704,"2026-07-23 10:34:51","On Hold (Pending with Requester)"
TKT-1-202607-00864,3704,"2026-07-29 15:38:17","Assigned (In Progress)"
TKT-1-202607-00864,3704,"2026-07-30 14:20:06","On Hold (Pending with Requester)"
TKT-1-202607-00864,3704,"2026-07-31 12:59:42","Assigned (In Progress)"
TKT-1-202607-00864,3704,"2026-07-31 14:46:44","On Hold (Pending with Requester)"
TKT-1-202607-00864,3704,"2026-08-03 15:35:11","Assigned (In Progress)"
TKT-1-202607-00864,3704,"2026-08-03 15:41:46",Resolved
TKT-1-202607-00865,2165,"2026-07-04 16:38:52","Open (New)"
TKT-1-202607-00865,2165,"2026-07-04 16:45:06","Assigned (In Progress)"
TKT-1-202607-00865,2165,"2026-07-08 10:48:18","On Hold (Pending with Requester)"
TKT-1-202607-00865,2165,"2026-07-15 12:30:17","Assigned (In Progress)"
TKT-1-202607-00865,2165,"2026-07-15 12:31:57",Resolved
TKT-1-202607-00865,2165,"2026-07-21 11:07:21",Reopened
TKT-1-202607-00865,2165,"2026-07-21 11:10:15","Assigned (In Progress)"
TKT-1-202607-00865,2165,"2026-07-23 15:41:57","On Hold (Pending with Requester)"
TKT-1-202607-00865,2165,"2026-07-27 17:15:16","Assigned (In Progress)"
TKT-1-202607-00865,2165,"2026-07-27 17:41:04",Resolved
TKT-1-202607-00869,5830,"2026-07-04 17:13:47","Open (New)"
TKT-1-202607-00869,5830,"2026-07-04 17:23:58","Assigned (In Progress)"
TKT-1-202607-00869,5830,"2026-07-04 17:34:14","On Hold (Pending with Requester)"
TKT-1-202607-00869,5830,"2026-07-07 14:17:12","Assigned (In Progress)"
TKT-1-202607-00869,5830,"2026-07-07 14:23:13","On Hold (Pending with Requester)"
TKT-1-202607-00869,5830,"2026-07-08 12:09:36","Assigned (In Progress)"
TKT-1-202607-00869,5830,"2026-07-21 15:13:09","On Hold (Pending with Requester)"
TKT-1-202607-00869,5830,"2026-07-22 13:12:12","Assigned (In Progress)"
TKT-1-202607-00869,5830,"2026-07-22 14:56:53","On Hold (Pending with Requester)"
TKT-1-202607-00869,5830,"2026-07-31 10:33:08","Assigned (In Progress)"
TKT-1-202607-00869,5830,"2026-07-31 10:35:57",Resolved
TKT-1-202607-00869,5830,"2026-08-06 14:39:56",Reopened
TKT-1-202607-00869,5830,"2026-08-06 16:10:55","Assigned (In Progress)"
TKT-1-202607-00869,5830,"2026-08-06 17:11:31",Resolved
TKT-1-202607-00882,10570,"2026-07-04 18:25:46","Open (New)"
TKT-1-202607-00882,10570,"2026-07-06 09:33:52","Assigned (In Progress)"
TKT-1-202607-00882,10570,"2026-07-07 12:52:39","On Hold (Pending with Requester)"
TKT-1-202607-00882,10570,"2026-07-10 16:17:09","Assigned (In Progress)"
TKT-1-202607-00882,10570,"2026-07-10 16:59:26","On Hold (Pending with Requester)"
TKT-1-202607-00882,10570,"2026-07-10 17:40:15","Assigned (In Progress)"
TKT-1-202607-00882,10570,"2026-07-13 12:17:47","On Hold (Pending with Requester)"
TKT-1-202607-00882,10570,"2026-07-13 13:16:58","Assigned (In Progress)"
TKT-1-202607-00882,10570,"2026-07-14 11:11:08","On Hold (Pending with Requester)"
TKT-1-202607-00882,10570,"2026-07-14 15:08:41","Assigned (In Progress)"
TKT-1-202607-00882,10570,"2026-07-14 17:06:30","On Hold (Pending with Requester)"
TKT-1-202607-00882,10570,"2026-07-15 11:33:02","Assigned (In Progress)"
TKT-1-202607-00882,10570,"2026-07-15 11:34:23",Resolved
TKT-1-202607-00882,10570,"2026-07-18 13:30:29",Reopened
TKT-1-202607-00882,10570,"2026-07-18 15:20:40","Assigned (In Progress)"
TKT-1-202607-00882,10570,"2026-07-20 12:46:07","On Hold (Pending with Requester)"
TKT-1-202607-00882,10570,"2026-07-20 16:11:16","Assigned (In Progress)"
TKT-1-202607-00882,10570,"2026-07-20 16:58:36","On Hold (Pending with Requester)"
TKT-1-202607-00882,10570,"2026-07-20 18:00:31","Assigned (In Progress)"
TKT-1-202607-00882,10570,"2026-07-21 10:38:08","On Hold (Pending with Requester)"
TKT-1-202607-00882,10570,"2026-07-21 12:23:31","Assigned (In Progress)"
TKT-1-202607-00882,10570,"2026-07-21 15:35:29","On Hold (Pending with Requester)"
TKT-1-202607-00882,10570,"2026-07-21 16:57:34","Assigned (In Progress)"
TKT-1-202607-00882,10570,"2026-07-21 17:02:57","On Hold (Pending with Requester)"
TKT-1-202607-00882,10570,"2026-07-22 10:30:06","Assigned (In Progress)"
TKT-1-202607-00882,10570,"2026-07-23 17:16:40",Resolved
TKT-1-202607-00882,10570,"2026-07-24 11:53:11",Reopened
TKT-1-202607-00882,10570,"2026-07-24 13:06:22","Assigned (In Progress)"
TKT-1-202607-00882,10570,"2026-07-24 15:03:35","On Hold (Pending with Requester)"
TKT-1-202607-00882,10570,"2026-08-07 15:15:39","Assigned (In Progress)"
TKT-1-202607-00882,10570,"2026-08-26 18:30:32","On Hold (Pending with Requester)"
TKT-1-202607-00882,10570,"2026-08-28 12:22:39","Assigned (In Progress)"
TKT-1-202607-00882,10570,"2026-08-28 12:25:40",Resolved
TKT-1-202607-00883,2084,"2026-07-04 18:32:16","Open (New)"
TKT-1-202607-00883,2084,"2026-07-06 09:34:00","Assigned (In Progress)"
TKT-1-202607-00883,2084,"2026-07-10 16:13:22",Resolved
TKT-1-202607-00886,1586,"2026-07-04 19:03:53","Open (New)"
TKT-1-202607-00886,1586,"2026-07-06 09:34:22","Assigned (In Progress)"
TKT-1-202607-00886,1586,"2026-07-07 19:01:11","On Hold (Pending with Requester)"
TKT-1-202607-00886,1586,"2026-07-10 10:50:45","Assigned (In Progress)"
TKT-1-202607-00886,1586,"2026-07-10 12:51:34","On Hold (Pending with Requester)"
TKT-1-202607-00886,1586,"2026-07-10 13:30:26","Assigned (In Progress)"
TKT-1-202607-00886,1586,"2026-07-13 10:27:11",Resolved
TKT-1-202607-00886,1586,"2026-07-13 17:43:24",Closed
TKT-1-202607-00888,2211,"2026-07-04 19:13:40","Open (New)"
TKT-1-202607-00888,2211,"2026-07-06 09:34:40","Assigned (In Progress)"
TKT-1-202607-00888,2211,"2026-07-06 19:31:18","On Hold (Pending with Requester)"
TKT-1-202607-00888,2211,"2026-07-07 15:49:26","Assigned (In Progress)"
TKT-1-202607-00888,2211,"2026-07-09 17:44:14","On Hold (Pending with Requester)"
TKT-1-202607-00888,2211,"2026-07-10 11:47:22","Assigned (In Progress)"
TKT-1-202607-00888,2211,"2026-07-13 10:15:12",Resolved
TKT-1-202607-00893,253,"2026-07-04 20:11:17","Open (New)"
TKT-1-202607-00893,253,"2026-07-06 09:35:17","Assigned (In Progress)"
TKT-1-202607-00893,253,"2026-07-07 12:09:14",Resolved
TKT-1-202607-00893,253,"2026-07-07 12:37:33",Closed
TKT-1-202607-00961,1279,"2026-07-06 13:00:22","Open (New)"
TKT-1-202607-00961,1279,"2026-07-06 13:09:12","Assigned (In Progress)"
TKT-1-202607-00961,1279,"2026-07-06 14:29:35","On Hold (Pending with Requester)"
TKT-1-202607-00961,1279,"2026-07-20 16:00:44","Assigned (In Progress)"
TKT-1-202607-00961,1279,"2026-07-21 14:31:43","On Hold (Pending with Requester)"
TKT-1-202607-00961,1279,"2026-07-22 13:02:49","Assigned (In Progress)"
TKT-1-202607-00961,1279,"2026-07-24 15:19:27","On Hold (Pending with Requester)"
TKT-1-202607-00961,1279,"2026-07-27 16:25:54","Assigned (In Progress)"
TKT-1-202607-00961,1279,"2026-07-27 16:26:40",Resolved
TKT-1-202607-00961,1279,"2026-09-08 17:01:52",Closed
TKT-1-202607-00963,1599,"2026-07-06 13:02:27","Open (New)"
TKT-1-202607-00963,1599,"2026-07-06 13:12:12","Assigned (In Progress)"
TKT-1-202607-00963,1599,"2026-07-10 11:37:32",Resolved
TKT-1-202607-01031,8504,"2026-07-06 17:24:21","Open (New)"
TKT-1-202607-01031,8504,"2026-07-06 17:26:59","Assigned (In Progress)"
TKT-1-202607-01031,8504,"2026-07-06 17:28:46","On Hold (Pending with Requester)"
TKT-1-202607-01031,8504,"2026-07-10 11:51:58","Assigned (In Progress)"
TKT-1-202607-01031,8504,"2026-07-11 17:36:42","On Hold (Pending with Requester)"
TKT-1-202607-01031,8504,"2026-07-15 16:13:06","Assigned (In Progress)"
TKT-1-202607-01031,8504,"2026-07-16 12:15:03","On Hold (Pending with Requester)"
TKT-1-202607-01031,8504,"2026-07-17 11:25:12","Assigned (In Progress)"
TKT-1-202607-01031,8504,"2026-07-17 15:48:54","On Hold (Pending with Requester)"
TKT-1-202607-01031,8504,"2026-07-20 15:10:07","Assigned (In Progress)"
TKT-1-202607-01031,8504,"2026-08-05 14:39:01",Resolved
TKT-1-202607-01065,289,"2026-07-06 23:16:02","Open (New)"
TKT-1-202607-01065,289,"2026-07-07 09:00:39","Assigned (In Progress)"
TKT-1-202607-01065,289,"2026-07-08 12:45:24",Resolved
TKT-1-202607-01168,2944,"2026-07-07 18:37:43","Open (New)"
TKT-1-202607-01168,2944,"2026-07-08 09:00:46","Assigned (In Progress)"
TKT-1-202607-01168,2944,"2026-07-08 15:05:56","On Hold (Pending with Requester)"
TKT-1-202607-01168,2944,"2026-07-10 15:21:31","Assigned (In Progress)"
TKT-1-202607-01168,2944,"2026-07-17 12:15:46",Resolved
TKT-1-202607-01173,1037,"2026-07-08 10:58:15","Open (New)"
TKT-1-202607-01173,1037,"2026-07-08 11:02:16","Assigned (In Progress)"
TKT-1-202607-01173,1037,"2026-07-10 11:07:28","On Hold (Pending with Requester)"
TKT-1-202607-01173,1037,"2026-07-13 14:24:01","Assigned (In Progress)"
TKT-1-202607-01173,1037,"2026-07-14 11:20:49","On Hold (Pending with Requester)"
TKT-1-202607-01173,1037,"2026-07-14 16:53:29","Assigned (In Progress)"
TKT-1-202607-01173,1037,"2026-07-14 18:37:47","On Hold (Pending with Requester)"
TKT-1-202607-01173,1037,"2026-07-15 14:28:06","Assigned (In Progress)"
TKT-1-202607-01173,1037,"2026-07-15 14:29:48",Resolved
TKT-1-202607-01193,1300,"2026-07-08 12:14:29","Open (New)"
TKT-1-202607-01193,1300,"2026-07-08 12:32:31","Assigned (In Progress)"
TKT-1-202607-01193,1300,"2026-07-08 16:47:41","On Hold (Pending with Requester)"
TKT-1-202607-01193,1300,"2026-07-10 10:57:44","Assigned (In Progress)"
TKT-1-202607-01193,1300,"2026-07-14 04:20:03",Resolved
TKT-1-202607-01221,1122,"2026-07-08 14:13:54","Open (New)"
TKT-1-202607-01221,1122,"2026-07-08 14:26:09","Assigned (In Progress)"
TKT-1-202607-01221,1122,"2026-07-08 15:21:04","On Hold (Pending with Requester)"
TKT-1-202607-01221,1122,"2026-07-09 11:39:17","Assigned (In Progress)"
TKT-1-202607-01221,1122,"2026-07-13 10:15:44","On Hold (Pending with Requester)"
TKT-1-202607-01221,1122,"2026-07-15 16:12:47","Assigned (In Progress)"
TKT-1-202607-01221,1122,"2026-07-15 16:20:17",Resolved
TKT-1-202607-01235,9822,"2026-07-08 15:21:32","Open (New)"
TKT-1-202607-01235,9822,"2026-07-08 15:40:36","Assigned (In Progress)"
TKT-1-202607-01235,9822,"2026-07-08 17:51:55","On Hold (Pending with Requester)"
TKT-1-202607-01235,9822,"2026-07-09 12:17:23","Assigned (In Progress)"
TKT-1-202607-01235,9822,"2026-07-13 16:28:45","On Hold (Pending with Requester)"
TKT-1-202607-01235,9822,"2026-07-14 15:11:04","Assigned (In Progress)"
TKT-1-202607-01235,9822,"2026-07-22 12:40:00","On Hold (Pending with Requester)"
TKT-1-202607-01235,9822,"2026-07-22 21:50:29","Assigned (In Progress)"
TKT-1-202607-01235,9822,"2026-07-25 17:36:34","On Hold (Pending with Requester)"
TKT-1-202607-01235,9822,"2026-07-27 15:19:14","Assigned (In Progress)"
TKT-1-202607-01235,9822,"2026-08-03 12:11:22",Resolved
TKT-1-202607-01289,1457,"2026-07-09 10:26:26","Open (New)"
TKT-1-202607-01289,1457,"2026-07-09 10:41:18","Assigned (In Progress)"
TKT-1-202607-01289,1457,"2026-07-11 17:56:16","On Hold (Pending with Requester)"
TKT-1-202607-01289,1457,"2026-07-14 11:15:26","Assigned (In Progress)"
TKT-1-202607-01289,1457,"2026-07-14 18:27:28",Resolved
TKT-1-202607-01289,1457,"2026-07-17 13:42:50",Closed
TKT-1-202607-01293,8857,"2026-07-09 11:02:44","Open (New)"
TKT-1-202607-01293,8857,"2026-07-09 11:04:03","Assigned (In Progress)"
TKT-1-202607-01293,8857,"2026-07-09 12:45:48","On Hold (Pending with Requester)"
TKT-1-202607-01293,8857,"2026-07-10 11:31:46","Assigned (In Progress)"
TKT-1-202607-01293,8857,"2026-07-10 12:37:28",Resolved
TKT-1-202607-01293,8857,"2026-07-13 11:11:57",Reopened
TKT-1-202607-01293,8857,"2026-07-13 11:31:10","Assigned (In Progress)"
TKT-1-202607-01293,8857,"2026-07-13 12:24:10","On Hold (Pending with Requester)"
TKT-1-202607-01293,8857,"2026-07-14 15:25:18","Assigned (In Progress)"
TKT-1-202607-01293,8857,"2026-07-14 18:11:24","On Hold (Pending with Requester)"
TKT-1-202607-01293,8857,"2026-07-15 15:15:32","Assigned (In Progress)"
TKT-1-202607-01293,8857,"2026-07-16 10:01:00",Resolved
TKT-1-202607-01293,8857,"2026-07-16 11:35:35",Reopened
TKT-1-202607-01293,8857,"2026-07-16 12:47:20","Assigned (In Progress)"
TKT-1-202607-01293,8857,"2026-07-16 16:24:20","On Hold (Pending with Requester)"
TKT-1-202607-01293,8857,"2026-07-17 11:20:45","Assigned (In Progress)"
TKT-1-202607-01293,8857,"2026-07-17 12:29:43","On Hold (Pending with Requester)"
TKT-1-202607-01293,8857,"2026-07-17 12:59:06","Assigned (In Progress)"
TKT-1-202607-01293,8857,"2026-07-20 06:37:04","On Hold (Pending with Requester)"
TKT-1-202607-01293,8857,"2026-07-20 13:56:51","Assigned (In Progress)"
TKT-1-202607-01293,8857,"2026-08-05 14:46:17",Resolved
TKT-1-202607-01423,7091,"2026-07-09 13:17:09","Open (New)"
TKT-1-202607-01423,7091,"2026-07-09 13:27:01","Assigned (In Progress)"
TKT-1-202607-01423,7091,"2026-07-09 14:50:04","On Hold (Pending with Requester)"
TKT-1-202607-01423,7091,"2026-07-15 17:48:53","Assigned (In Progress)"
TKT-1-202607-01423,7091,"2026-07-15 17:50:51",Resolved
TKT-1-202607-01423,7091,"2026-07-16 15:10:23",Reopened
TKT-1-202607-01423,7091,"2026-07-16 15:45:35","Assigned (In Progress)"
TKT-1-202607-01423,7091,"2026-07-16 16:32:43",Resolved
TKT-1-202607-01423,7091,"2026-07-17 11:05:53",Reopened
TKT-1-202607-01423,7091,"2026-07-17 11:09:51","Assigned (In Progress)"
TKT-1-202607-01423,7091,"2026-07-17 17:13:37","On Hold (Pending with Requester)"
TKT-1-202607-01423,7091,"2026-07-17 18:01:00","Assigned (In Progress)"
TKT-1-202607-01423,7091,"2026-07-20 12:21:37","On Hold (Pending with Requester)"
TKT-1-202607-01423,7091,"2026-07-22 17:24:14","Assigned (In Progress)"
TKT-1-202607-01423,7091,"2026-08-05 14:47:04",Resolved
TKT-1-202607-01423,7091,"2026-09-11 16:00:56",Closed
TKT-1-202607-01447,1211,"2026-07-09 15:34:03","Open (New)"
TKT-1-202607-01447,1211,"2026-07-09 15:38:32","Assigned (In Progress)"
TKT-1-202607-01447,1211,"2026-07-13 16:41:15",Resolved
TKT-1-202607-01584,159,"2026-07-10 16:23:23","Open (New)"
TKT-1-202607-01584,159,"2026-07-10 16:29:11","Assigned (In Progress)"
TKT-1-202607-01584,159,"2026-07-13 10:30:55","On Hold (Pending with Requester)"
TKT-1-202607-01584,159,"2026-07-13 10:39:52","Assigned (In Progress)"
TKT-1-202607-01584,159,"2026-07-13 11:57:23","On Hold (Pending with Requester)"
TKT-1-202607-01584,159,"2026-07-13 14:50:08","Assigned (In Progress)"
TKT-1-202607-01584,159,"2026-07-14 11:13:24","On Hold (Pending with Requester)"
TKT-1-202607-01584,159,"2026-07-15 11:19:29","Assigned (In Progress)"
TKT-1-202607-01584,159,"2026-07-15 11:35:59","On Hold (Pending with Requester)"
TKT-1-202607-01584,159,"2026-07-15 12:17:15","Assigned (In Progress)"
TKT-1-202607-01584,159,"2026-07-15 12:50:05",Resolved
TKT-1-202607-01628,499,"2026-07-11 10:30:13","Open (New)"
TKT-1-202607-01628,499,"2026-07-11 10:30:52","Assigned (In Progress)"
TKT-1-202607-01628,499,"2026-07-14 11:24:47",Resolved
TKT-1-202607-01628,499,"2026-07-14 14:17:15",Reopened
TKT-1-202607-01628,499,"2026-07-14 14:19:49","Assigned (In Progress)"
TKT-1-202607-01628,499,"2026-07-14 17:46:52","On Hold (Pending with Requester)"
TKT-1-202607-01628,499,"2026-07-15 13:01:11","Assigned (In Progress)"
TKT-1-202607-01628,499,"2026-07-15 14:24:50",Resolved
TKT-1-202607-01637,14,"2026-07-11 12:51:40","Open (New)"
TKT-1-202607-01637,14,"2026-07-11 12:55:36","Assigned (In Progress)"
TKT-1-202607-01637,14,"2026-07-13 12:01:46",Resolved
TKT-1-202607-01638,2366,"2026-07-11 12:56:41","Open (New)"
TKT-1-202607-01638,2366,"2026-07-11 12:58:08","Assigned (In Progress)"
TKT-1-202607-01638,2366,"2026-07-13 12:40:59",Resolved
TKT-1-202607-01638,2366,"2026-07-13 13:19:06",Reopened
TKT-1-202607-01638,2366,"2026-07-13 13:37:23","Assigned (In Progress)"
TKT-1-202607-01638,2366,"2026-07-15 10:46:38","On Hold (Pending with Requester)"
TKT-1-202607-01638,2366,"2026-07-16 12:01:02","Assigned (In Progress)"
TKT-1-202607-01638,2366,"2026-07-17 11:12:38","On Hold (Pending with Requester)"
TKT-1-202607-01638,2366,"2026-07-20 06:22:12","Assigned (In Progress)"
TKT-1-202607-01638,2366,"2026-07-21 15:51:57","On Hold (Pending with Requester)"
TKT-1-202607-01638,2366,"2026-07-22 16:58:28","Assigned (In Progress)"
TKT-1-202607-01638,2366,"2026-07-23 10:20:28","On Hold (Pending with Requester)"
TKT-1-202607-01638,2366,"2026-07-24 13:34:13","Assigned (In Progress)"
TKT-1-202607-01638,2366,"2026-07-24 15:16:24","On Hold (Pending with Requester)"
TKT-1-202607-01638,2366,"2026-07-29 16:20:29","Assigned (In Progress)"
TKT-1-202607-01638,2366,"2026-07-29 16:48:06",Resolved
TKT-1-202607-01640,3682,"2026-07-11 13:31:23","Open (New)"
TKT-1-202607-01640,3682,"2026-07-11 13:32:57","Assigned (In Progress)"
TKT-1-202607-01640,3682,"2026-07-13 10:33:13","On Hold (Pending with Requester)"
TKT-1-202607-01640,3682,"2026-07-15 12:52:41","Assigned (In Progress)"
TKT-1-202607-01640,3682,"2026-07-15 14:39:16","On Hold (Pending with Requester)"
TKT-1-202607-01640,3682,"2026-07-18 13:28:51","Assigned (In Progress)"
TKT-1-202607-01640,3682,"2026-07-20 12:19:39","On Hold (Pending with Requester)"
TKT-1-202607-01640,3682,"2026-07-21 10:15:33","Assigned (In Progress)"
TKT-1-202607-01640,3682,"2026-07-28 09:55:35",Resolved
TKT-1-202607-01640,3682,"2026-08-11 14:27:34",Closed
TKT-1-202607-01643,531,"2026-07-11 14:16:55","Open (New)"
TKT-1-202607-01643,531,"2026-07-11 14:20:08","Assigned (In Progress)"
TKT-1-202607-01643,531,"2026-07-14 10:30:47",Resolved
TKT-1-202607-01643,531,"2026-07-14 14:18:34",Reopened
TKT-1-202607-01643,531,"2026-07-14 14:19:39","Assigned (In Progress)"
TKT-1-202607-01643,531,"2026-07-15 11:10:51","On Hold (Pending with Requester)"
TKT-1-202607-01643,531,"2026-07-16 14:57:52","Assigned (In Progress)"
TKT-1-202607-01643,531,"2026-07-16 15:22:55",Resolved
TKT-1-202607-01650,129,"2026-07-11 16:51:11","Open (New)"
TKT-1-202607-01650,129,"2026-07-11 16:54:24","Assigned (In Progress)"
TKT-1-202607-01650,129,"2026-07-13 17:56:04",Resolved
TKT-1-202607-01658,4089,"2026-07-11 19:42:53","Open (New)"
TKT-1-202607-01658,4089,"2026-07-13 08:57:16","Assigned (In Progress)"
TKT-1-202607-01658,4089,"2026-07-14 04:29:23","On Hold (Pending with Requester)"
TKT-1-202607-01658,4089,"2026-07-14 13:04:51","Assigned (In Progress)"
TKT-1-202607-01658,4089,"2026-07-14 17:53:54","On Hold (Pending with Requester)"
TKT-1-202607-01658,4089,"2026-07-15 12:28:19","Assigned (In Progress)"
TKT-1-202607-01658,4089,"2026-07-22 17:51:35","On Hold (Pending with Requester)"
TKT-1-202607-01658,4089,"2026-07-23 11:28:14","Assigned (In Progress)"
TKT-1-202607-01658,4089,"2026-07-23 14:20:45",Resolved
TKT-1-202607-01662,441,"2026-07-12 11:34:04","Open (New)"
TKT-1-202607-01662,441,"2026-07-13 08:56:49","Assigned (In Progress)"
TKT-1-202607-01662,441,"2026-07-14 15:16:54",Resolved
TKT-1-202607-01663,443,"2026-07-12 11:39:13","Open (New)"
TKT-1-202607-01663,443,"2026-07-13 08:56:43","Assigned (In Progress)"
TKT-1-202607-01663,443,"2026-07-14 15:18:45",Resolved
TKT-1-202607-01664,449,"2026-07-12 11:49:51","Open (New)"
TKT-1-202607-01664,449,"2026-07-13 08:56:36","Assigned (In Progress)"
TKT-1-202607-01664,449,"2026-07-14 15:24:43",Resolved
TKT-1-202607-01763,1249,"2026-07-14 13:59:22","Open (New)"
TKT-1-202607-01763,1249,"2026-07-14 14:15:15","Assigned (In Progress)"
TKT-1-202607-01763,1249,"2026-07-14 14:20:36","On Hold (Pending with Requester)"
TKT-1-202607-01763,1249,"2026-07-23 23:17:58","Assigned (In Progress)"
TKT-1-202607-01763,1249,"2026-07-27 11:37:58","On Hold (Pending with Requester)"
TKT-1-202607-01763,1249,"2026-07-31 12:51:45","Assigned (In Progress)"
TKT-1-202607-01763,1249,"2026-08-01 11:39:32",Resolved
TKT-1-202607-01763,1249,"2026-09-02 17:14:10",Closed
TKT-1-202607-01832,2603,"2026-07-15 12:38:10","Open (New)"
TKT-1-202607-01832,2603,"2026-07-15 12:42:27","Assigned (In Progress)"
TKT-1-202607-01832,2603,"2026-07-17 14:34:26",Resolved
TKT-1-202607-01832,2603,"2026-07-18 14:13:53",Reopened
TKT-1-202607-01832,2603,"2026-07-18 15:20:25","Assigned (In Progress)"
TKT-1-202607-01832,2603,"2026-07-23 10:43:37",Resolved
TKT-1-202607-01997,11566,"2026-07-16 15:20:18","Open (New)"
TKT-1-202607-01997,11566,"2026-07-16 15:44:14","Assigned (In Progress)"
TKT-1-202607-01997,11566,"2026-07-17 14:44:47",Resolved
TKT-1-202607-01997,11566,"2026-07-22 14:02:59",Reopened
TKT-1-202607-01997,11566,"2026-07-22 14:04:48","Assigned (In Progress)"
TKT-1-202607-01997,11566,"2026-07-22 17:49:33","On Hold (Pending with Requester)"
TKT-1-202607-01997,11566,"2026-07-23 12:37:49","Assigned (In Progress)"
TKT-1-202607-01997,11566,"2026-07-27 17:47:25","On Hold (Pending with Requester)"
TKT-1-202607-01997,11566,"2026-07-28 11:22:43","Assigned (In Progress)"
TKT-1-202607-01997,11566,"2026-08-03 11:46:11","On Hold (Pending with Requester)"
TKT-1-202607-01997,11566,"2026-08-06 14:36:15","Assigned (In Progress)"
TKT-1-202607-01997,11566,"2026-08-21 17:39:01",Resolved
TKT-1-202607-02030,6229,"2026-07-17 11:09:43","Open (New)"
TKT-1-202607-02030,6229,"2026-07-17 11:10:58","Assigned (In Progress)"
TKT-1-202607-02030,6229,"2026-07-17 12:28:27",Resolved
TKT-1-202607-02030,6229,"2026-07-17 12:55:13",Reopened
TKT-1-202607-02030,6229,"2026-07-17 13:01:17","Assigned (In Progress)"
TKT-1-202607-02030,6229,"2026-07-20 06:30:02","On Hold (Pending with Requester)"
TKT-1-202607-02030,6229,"2026-07-22 17:21:32","Assigned (In Progress)"
TKT-1-202607-02030,6229,"2026-08-05 14:50:16",Resolved
TKT-1-202607-02030,6229,"2026-09-11 16:01:12",Closed
TKT-1-202607-02042,225,"2026-07-17 12:22:28","Open (New)"
TKT-1-202607-02042,225,"2026-07-17 12:27:49","Assigned (In Progress)"
TKT-1-202607-02042,225,"2026-07-18 14:02:05","On Hold (Pending with Requester)"
TKT-1-202607-02042,225,"2026-07-18 15:59:02","Assigned (In Progress)"
TKT-1-202607-02042,225,"2026-07-20 15:15:27","On Hold (Pending with Requester)"
TKT-1-202607-02042,225,"2026-07-23 12:59:02","Assigned (In Progress)"
TKT-1-202607-02042,225,"2026-07-23 14:44:57",Resolved
TKT-1-202607-02079,1745,"2026-07-17 16:28:51","Open (New)"
TKT-1-202607-02079,1745,"2026-07-17 16:54:42","Assigned (In Progress)"
TKT-1-202607-02079,1745,"2026-07-22 17:30:36",Resolved
TKT-1-202607-02079,1745,"2026-08-03 15:33:20",Closed
TKT-1-202607-02082,4280,"2026-07-17 16:52:19","Open (New)"
TKT-1-202607-02082,4280,"2026-07-17 16:54:15","Assigned (In Progress)"
TKT-1-202607-02082,4280,"2026-07-17 17:05:03","On Hold (Pending with Requester)"
TKT-1-202607-02082,4280,"2026-07-24 16:47:22","Assigned (In Progress)"
TKT-1-202607-02082,4280,"2026-08-05 14:51:29",Resolved
TKT-1-202607-02109,579,"2026-07-18 12:01:48","Open (New)"
TKT-1-202607-02109,579,"2026-07-18 12:13:41","Assigned (In Progress)"
TKT-1-202607-02109,579,"2026-07-21 11:36:41",Resolved
TKT-1-202607-02119,13281,"2026-07-18 12:39:03","Open (New)"
TKT-1-202607-02119,13281,"2026-07-18 12:50:23","Assigned (In Progress)"
TKT-1-202607-02119,13281,"2026-07-27 15:44:32","On Hold (Pending with Requester)"
TKT-1-202607-02119,13281,"2026-07-28 09:35:39","Assigned (In Progress)"
TKT-1-202607-02119,13281,"2026-07-28 17:23:51","On Hold (Pending with Requester)"
TKT-1-202607-02119,13281,"2026-07-29 15:10:37","Assigned (In Progress)"
TKT-1-202607-02119,13281,"2026-07-29 17:40:16","On Hold (Pending with Requester)"
TKT-1-202607-02119,13281,"2026-07-30 15:16:22","Assigned (In Progress)"
TKT-1-202607-02119,13281,"2026-07-31 15:03:44","On Hold (Pending with Requester)"
TKT-1-202607-02119,13281,"2026-07-31 16:57:19","Assigned (In Progress)"
TKT-1-202607-02119,13281,"2026-08-04 14:53:45","On Hold (Pending with Requester)"
TKT-1-202607-02119,13281,"2026-08-05 15:26:41","Assigned (In Progress)"
TKT-1-202607-02119,13281,"2026-08-13 11:16:19","On Hold (Pending with Requester)"
TKT-1-202607-02119,13281,"2026-08-17 13:04:06","Assigned (In Progress)"
TKT-1-202607-02119,13281,"2026-08-19 11:43:21","On Hold (Pending with Requester)"
TKT-1-202607-02119,13281,"2026-08-19 12:42:15","Assigned (In Progress)"
TKT-1-202607-02119,13281,"2026-08-25 16:56:18",Resolved
TKT-1-202607-02129,116,"2026-07-18 14:26:09","Open (New)"
TKT-1-202607-02129,116,"2026-07-18 14:31:31","Assigned (In Progress)"
TKT-1-202607-02129,116,"2026-07-20 15:17:51",Resolved
TKT-1-202607-02131,3349,"2026-07-18 14:33:01","Open (New)"
TKT-1-202607-02131,3349,"2026-07-18 14:34:08","Assigned (In Progress)"
TKT-1-202607-02131,3349,"2026-07-18 17:32:07","On Hold (Pending with Requester)"
TKT-1-202607-02131,3349,"2026-07-18 17:51:33","Assigned (In Progress)"
TKT-1-202607-02131,3349,"2026-07-20 09:38:09","On Hold (Pending with Requester)"
TKT-1-202607-02131,3349,"2026-07-20 16:23:40","Assigned (In Progress)"
TKT-1-202607-02131,3349,"2026-07-20 19:05:26","On Hold (Pending with Requester)"
TKT-1-202607-02131,3349,"2026-07-21 12:18:29","Assigned (In Progress)"
TKT-1-202607-02131,3349,"2026-07-21 16:22:27","On Hold (Pending with Requester)"
TKT-1-202607-02131,3349,"2026-07-22 11:52:40","Assigned (In Progress)"
TKT-1-202607-02131,3349,"2026-07-22 14:08:23",Resolved
TKT-1-202607-02131,3349,"2026-07-23 13:33:08",Reopened
TKT-1-202607-02131,3349,"2026-07-23 13:55:13","Assigned (In Progress)"
TKT-1-202607-02131,3349,"2026-07-23 17:12:07","On Hold (Pending with Requester)"
TKT-1-202607-02131,3349,"2026-07-23 17:45:14","Assigned (In Progress)"
TKT-1-202607-02131,3349,"2026-07-24 18:04:48","On Hold (Pending with Requester)"
TKT-1-202607-02131,3349,"2026-07-25 12:46:14","Assigned (In Progress)"
TKT-1-202607-02131,3349,"2026-07-25 13:11:50","On Hold (Pending with Requester)"
TKT-1-202607-02131,3349,"2026-07-25 13:49:31","Assigned (In Progress)"
TKT-1-202607-02131,3349,"2026-07-27 17:45:52","On Hold (Pending with Requester)"
TKT-1-202607-02131,3349,"2026-07-28 13:19:16","Assigned (In Progress)"
TKT-1-202607-02131,3349,"2026-07-31 12:35:39",Resolved
TKT-1-202607-02131,3349,"2026-08-04 17:26:44",Closed
TKT-1-202607-02132,50,"2026-07-18 15:07:26","Open (New)"
TKT-1-202607-02132,50,"2026-07-18 15:18:26","Assigned (In Progress)"
TKT-1-202607-02132,50,"2026-07-20 14:44:07",Resolved
TKT-1-202607-02132,50,"2026-07-25 16:20:22",Reopened
TKT-1-202607-02132,50,"2026-07-25 16:59:09","Assigned (In Progress)"
TKT-1-202607-02132,50,"2026-07-25 17:08:37",Resolved
TKT-1-202607-02138,1203,"2026-07-18 15:42:09","Open (New)"
TKT-1-202607-02138,1203,"2026-07-18 15:49:09","Assigned (In Progress)"
TKT-1-202607-02138,1203,"2026-07-20 09:20:55","On Hold (Pending with Requester)"
TKT-1-202607-02138,1203,"2026-07-22 12:00:34","Assigned (In Progress)"
TKT-1-202607-02138,1203,"2026-07-24 16:35:44","On Hold (Pending with Requester)"
TKT-1-202607-02138,1203,"2026-07-27 09:43:03","Assigned (In Progress)"
TKT-1-202607-02138,1203,"2026-07-27 10:57:35","On Hold (Pending with Requester)"
TKT-1-202607-02138,1203,"2026-07-28 13:33:47","Assigned (In Progress)"
TKT-1-202607-02138,1203,"2026-07-28 15:12:19",Resolved
TKT-1-202607-02138,1203,"2026-07-29 12:18:00",Closed
TKT-1-202607-02142,702,"2026-07-18 16:23:36","Open (New)"
TKT-1-202607-02142,702,"2026-07-18 16:26:48","Assigned (In Progress)"
TKT-1-202607-02142,702,"2026-07-22 10:36:35","On Hold (Pending with Requester)"
TKT-1-202607-02142,702,"2026-07-25 14:24:05","Assigned (In Progress)"
TKT-1-202607-02142,702,"2026-07-25 14:25:15",Resolved
TKT-1-202607-02144,2716,"2026-07-18 16:35:55","Open (New)"
TKT-1-202607-02144,2716,"2026-07-18 16:42:13","Assigned (In Progress)"
TKT-1-202607-02144,2716,"2026-07-21 14:07:03","On Hold (Pending with Requester)"
TKT-1-202607-02144,2716,"2026-07-22 16:28:51","Assigned (In Progress)"
TKT-1-202607-02144,2716,"2026-07-28 10:40:22",Resolved
TKT-1-202607-02149,1381,"2026-07-18 17:00:39","Open (New)"
TKT-1-202607-02149,1381,"2026-07-18 17:02:09","Assigned (In Progress)"
TKT-1-202607-02149,1381,"2026-07-20 09:45:10","On Hold (Pending with Requester)"
TKT-1-202607-02149,1381,"2026-07-21 11:56:15","Assigned (In Progress)"
TKT-1-202607-02149,1381,"2026-07-23 12:11:31","On Hold (Pending with Requester)"
TKT-1-202607-02149,1381,"2026-07-24 16:08:00","Assigned (In Progress)"
TKT-1-202607-02149,1381,"2026-07-25 17:38:04","On Hold (Pending with Requester)"
TKT-1-202607-02149,1381,"2026-07-27 12:51:35","Assigned (In Progress)"
TKT-1-202607-02149,1381,"2026-07-27 14:19:30","On Hold (Pending with Requester)"
TKT-1-202607-02149,1381,"2026-07-27 16:55:58","Assigned (In Progress)"
TKT-1-202607-02149,1381,"2026-07-27 16:56:50",Resolved
TKT-1-202607-02156,176,"2026-07-18 18:32:21","Open (New)"
TKT-1-202607-02156,176,"2026-07-20 09:34:32","Assigned (In Progress)"
TKT-1-202607-02156,176,"2026-07-21 11:26:19",Resolved
TKT-1-202607-02157,1045,"2026-07-18 19:11:44","Open (New)"
TKT-1-202607-02157,1045,"2026-07-20 09:34:28","Assigned (In Progress)"
TKT-1-202607-02157,1045,"2026-07-20 09:47:02","On Hold (Pending with Requester)"
TKT-1-202607-02157,1045,"2026-07-21 10:49:40","Assigned (In Progress)"
TKT-1-202607-02157,1045,"2026-07-23 11:14:29","On Hold (Pending with Requester)"
TKT-1-202607-02157,1045,"2026-07-29 15:51:43","Assigned (In Progress)"
TKT-1-202607-02157,1045,"2026-07-29 18:17:39","On Hold (Pending with Requester)"
TKT-1-202607-02157,1045,"2026-07-30 12:37:21","Assigned (In Progress)"
TKT-1-202607-02157,1045,"2026-07-30 16:40:18",Resolved
TKT-1-202607-02252,2698,"2026-07-21 10:07:35","Open (New)"
TKT-1-202607-02252,2698,"2026-07-21 10:43:25","Assigned (In Progress)"
TKT-1-202607-02252,2698,"2026-07-21 10:58:48","On Hold (Pending with Requester)"
TKT-1-202607-02252,2698,"2026-07-21 11:05:49","Assigned (In Progress)"
TKT-1-202607-02252,2698,"2026-07-21 11:25:23","On Hold (Pending with Requester)"
TKT-1-202607-02252,2698,"2026-07-21 11:39:33","Assigned (In Progress)"
TKT-1-202607-02252,2698,"2026-07-28 09:59:30",Resolved
TKT-1-202607-02255,6793,"2026-07-21 10:28:22","Open (New)"
TKT-1-202607-02255,6793,"2026-07-21 10:42:46","Assigned (In Progress)"
TKT-1-202607-02255,6793,"2026-07-21 11:23:23","On Hold (Pending with Requester)"
TKT-1-202607-02255,6793,"2026-07-21 11:39:19","Assigned (In Progress)"
TKT-1-202607-02255,6793,"2026-08-05 14:53:21",Resolved
TKT-1-202607-02263,2662,"2026-07-21 11:30:25","Open (New)"
TKT-1-202607-02263,2662,"2026-07-21 11:42:01","Assigned (In Progress)"
TKT-1-202607-02263,2662,"2026-07-28 09:59:05",Resolved
TKT-1-202607-02312,302,"2026-07-21 16:10:06","Open (New)"
TKT-1-202607-02312,302,"2026-07-21 16:24:14","Assigned (In Progress)"
TKT-1-202607-02312,302,"2026-07-22 15:34:35","On Hold (Pending with Requester)"
TKT-1-202607-02312,302,"2026-07-23 13:04:32","Assigned (In Progress)"
TKT-1-202607-02312,302,"2026-07-23 17:38:16",Resolved
TKT-1-202607-02397,4065,"2026-07-22 14:23:36","Open (New)"
TKT-1-202607-02397,4065,"2026-07-22 14:27:25","Assigned (In Progress)"
TKT-1-202607-02397,4065,"2026-07-22 15:23:11","On Hold (Pending with Requester)"
TKT-1-202607-02397,4065,"2026-07-27 12:20:33","Assigned (In Progress)"
TKT-1-202607-02397,4065,"2026-08-05 15:03:15",Resolved
TKT-1-202607-02473,127,"2026-07-23 10:05:18","Open (New)"
TKT-1-202607-02473,127,"2026-07-23 10:11:57","Assigned (In Progress)"
TKT-1-202607-02473,127,"2026-07-24 11:08:46","On Hold (Pending with Requester)"
TKT-1-202607-02473,127,"2026-08-01 11:48:29","Assigned (In Progress)"
TKT-1-202607-02473,127,"2026-08-01 11:49:14",Resolved
TKT-1-202607-02507,1113,"2026-07-23 12:14:09","Open (New)"
TKT-1-202607-02507,1113,"2026-07-23 12:16:21","Assigned (In Progress)"
TKT-1-202607-02507,1113,"2026-07-23 16:57:47","On Hold (Pending with Requester)"
TKT-1-202607-02507,1113,"2026-07-24 16:08:48","Assigned (In Progress)"
TKT-1-202607-02507,1113,"2026-07-27 16:46:07","On Hold (Pending with Requester)"
TKT-1-202607-02507,1113,"2026-07-28 12:42:44","Assigned (In Progress)"
TKT-1-202607-02507,1113,"2026-07-28 14:23:14","On Hold (Pending with Requester)"
TKT-1-202607-02507,1113,"2026-07-29 14:29:21","Assigned (In Progress)"
TKT-1-202607-02507,1113,"2026-07-29 15:58:04",Resolved
TKT-1-202607-02507,1113,"2026-09-04 13:02:06",Closed
TKT-1-202607-02515,5658,"2026-07-23 13:00:22","Open (New)"
TKT-1-202607-02515,5658,"2026-07-23 13:00:44","Assigned (In Progress)"
TKT-1-202607-02515,5658,"2026-08-05 15:04:19",Resolved
TKT-1-202607-02515,5658,"2026-08-07 15:55:10",Reopened
TKT-1-202607-02515,5658,"2026-08-07 16:07:39","Assigned (In Progress)"
TKT-1-202607-02515,5658,"2026-08-07 17:06:53",Resolved
TKT-1-202607-02515,5658,"2026-08-12 15:16:24",Reopened
TKT-1-202607-02515,5658,"2026-08-12 15:24:19","Assigned (In Progress)"
TKT-1-202607-02515,5658,"2026-08-12 15:35:42",Resolved
TKT-1-202607-02518,17801,"2026-07-23 13:13:52","Open (New)"
TKT-1-202607-02518,17801,"2026-07-23 13:18:05","Assigned (In Progress)"
TKT-1-202607-02518,17801,"2026-07-23 13:21:00","On Hold (Pending with Requester)"
TKT-1-202607-02518,17801,"2026-07-24 13:25:24","Assigned (In Progress)"
TKT-1-202607-02518,17801,"2026-09-04 11:56:32",Resolved
TKT-1-202607-02531,4551,"2026-07-23 14:38:52","Open (New)"
TKT-1-202607-02531,4551,"2026-07-23 14:41:28","Assigned (In Progress)"
TKT-1-202607-02531,4551,"2026-07-24 14:27:09","On Hold (Pending with Requester)"
TKT-1-202607-02531,4551,"2026-07-27 12:07:49","Assigned (In Progress)"
TKT-1-202607-02531,4551,"2026-08-05 15:07:41",Resolved
TKT-1-202607-02555,16646,"2026-07-23 17:04:00","Open (New)"
TKT-1-202607-02555,16646,"2026-07-23 17:17:39","Assigned (In Progress)"
TKT-1-202607-02555,16646,"2026-07-23 17:58:17","On Hold (Pending with Requester)"
TKT-1-202607-02555,16646,"2026-07-27 14:47:31","Assigned (In Progress)"
TKT-1-202607-02555,16646,"2026-07-27 14:51:05","On Hold (Pending with Requester)"
TKT-1-202607-02555,16646,"2026-07-27 15:30:55","Assigned (In Progress)"
TKT-1-202607-02555,16646,"2026-09-04 11:56:10",Resolved
TKT-1-202607-02634,27,"2026-07-24 12:38:11","Open (New)"
TKT-1-202607-02634,27,"2026-07-24 12:43:10","Assigned (In Progress)"
TKT-1-202607-02634,27,"2026-07-24 13:12:26","On Hold (Pending with Requester)"
TKT-1-202607-02634,27,"2026-07-24 13:36:56","Assigned (In Progress)"
TKT-1-202607-02634,27,"2026-07-27 12:26:38","On Hold (Pending with Requester)"
TKT-1-202607-02634,27,"2026-07-29 14:47:20","Assigned (In Progress)"
TKT-1-202607-02634,27,"2026-07-29 14:47:52",Resolved
TKT-1-202607-02702,265,"2026-07-25 12:06:01","Open (New)"
TKT-1-202607-02702,265,"2026-07-25 12:08:22","Assigned (In Progress)"
TKT-1-202607-02702,265,"2026-07-28 12:20:03",Resolved
TKT-1-202607-02709,416,"2026-07-25 13:15:41","Open (New)"
TKT-1-202607-02709,416,"2026-07-25 13:21:39","Assigned (In Progress)"
TKT-1-202607-02709,416,"2026-07-28 10:08:23",Resolved
TKT-1-202607-02711,5200,"2026-07-25 13:29:46","Open (New)"
TKT-1-202607-02711,5200,"2026-07-25 13:36:24","Assigned (In Progress)"
TKT-1-202607-02711,5200,"2026-08-06 16:32:03","On Hold (Pending with Requester)"
TKT-1-202607-02711,5200,"2026-08-12 15:49:32","Assigned (In Progress)"
TKT-1-202607-02711,5200,"2026-08-12 17:30:11",Resolved
TKT-1-202607-02723,57,"2026-07-25 15:24:23","Open (New)"
TKT-1-202607-02723,57,"2026-07-25 15:25:55","Assigned (In Progress)"
TKT-1-202607-02723,57,"2026-07-27 17:52:52",Resolved
TKT-1-202607-02744,169,"2026-07-25 19:43:30","Open (New)"
TKT-1-202607-02744,169,"2026-07-27 09:17:39","Assigned (In Progress)"
TKT-1-202607-02744,169,"2026-07-28 10:56:23","On Hold (Pending with Requester)"
TKT-1-202607-02744,169,"2026-07-29 17:46:31","Assigned (In Progress)"
TKT-1-202607-02744,169,"2026-07-29 17:53:10",Resolved
TKT-1-202607-02744,169,"2026-08-11 14:54:20",Closed
TKT-1-202607-02780,15768,"2026-07-27 12:51:46","Open (New)"
TKT-1-202607-02780,15768,"2026-07-27 13:26:14","Assigned (In Progress)"
TKT-1-202607-02780,15768,"2026-07-29 15:03:45","On Hold (Pending with Requester)"
TKT-1-202607-02780,15768,"2026-08-05 12:34:31","Assigned (In Progress)"
TKT-1-202607-02780,15768,"2026-09-08 18:34:07","On Hold (Pending with Requester)"
TKT-1-202607-02780,15768,"2026-09-09 13:31:01","Assigned (In Progress)"
TKT-1-202607-02780,15768,"2026-09-09 15:38:27",Resolved
TKT-1-202607-02801,3960,"2026-07-27 15:51:34","Open (New)"
TKT-1-202607-02801,3960,"2026-07-27 15:59:36","Assigned (In Progress)"
TKT-1-202607-02801,3960,"2026-07-29 19:04:58","On Hold (Pending with Requester)"
TKT-1-202607-02801,3960,"2026-07-30 14:56:33","Assigned (In Progress)"
TKT-1-202607-02801,3960,"2026-08-06 14:43:46","On Hold (Pending with Requester)"
TKT-1-202607-02801,3960,"2026-08-12 14:05:23","Assigned (In Progress)"
TKT-1-202607-02801,3960,"2026-08-12 14:06:18",Resolved
TKT-1-202607-02818,3206,"2026-07-27 18:06:23","Open (New)"
TKT-1-202607-02818,3206,"2026-07-28 09:00:30","Assigned (In Progress)"
TKT-1-202607-02818,3206,"2026-07-28 09:58:44","On Hold (Pending with Requester)"
TKT-1-202607-02818,3206,"2026-07-30 12:29:36","Assigned (In Progress)"
TKT-1-202607-02818,3206,"2026-08-07 09:47:35","On Hold (Pending with Requester)"
TKT-1-202607-02818,3206,"2026-08-10 16:36:21","Assigned (In Progress)"
TKT-1-202607-02818,3206,"2026-08-10 16:42:25",Resolved
TKT-1-202607-02842,1458,"2026-07-28 12:28:08","Open (New)"
TKT-1-202607-02842,1458,"2026-07-28 12:28:33","Assigned (In Progress)"
TKT-1-202607-02842,1458,"2026-07-28 14:36:54","On Hold (Pending with Requester)"
TKT-1-202607-02842,1458,"2026-07-28 15:20:51","Assigned (In Progress)"
TKT-1-202607-02842,1458,"2026-07-29 14:38:22","On Hold (Pending with Requester)"
TKT-1-202607-02842,1458,"2026-07-29 16:20:19","Assigned (In Progress)"
TKT-1-202607-02842,1458,"2026-07-29 16:28:26","On Hold (Pending with Requester)"
TKT-1-202607-02842,1458,"2026-07-29 18:18:27","Assigned (In Progress)"
TKT-1-202607-02842,1458,"2026-08-01 12:40:16","On Hold (Pending with Requester)"
TKT-1-202607-02842,1458,"2026-08-03 15:33:12","Assigned (In Progress)"
TKT-1-202607-02842,1458,"2026-08-03 15:33:34",Resolved
TKT-1-202607-02867,48,"2026-07-28 15:20:03","Open (New)"
TKT-1-202607-02867,48,"2026-07-28 15:44:04","Assigned (In Progress)"
TKT-1-202607-02867,48,"2026-07-29 15:03:16",Resolved
TKT-1-202607-02870,2467,"2026-07-28 15:41:47","Open (New)"
TKT-1-202607-02870,2467,"2026-07-28 15:43:44","Assigned (In Progress)"
TKT-1-202607-02870,2467,"2026-07-28 16:46:56",Resolved
TKT-1-202607-02870,2467,"2026-07-30 12:11:06",Reopened
TKT-1-202607-02870,2467,"2026-07-30 12:11:47","Assigned (In Progress)"
TKT-1-202607-02870,2467,"2026-08-05 15:11:16",Resolved
TKT-1-202607-02923,1969,"2026-07-29 12:04:50","Open (New)"
TKT-1-202607-02923,1969,"2026-07-29 12:19:47","Assigned (In Progress)"
TKT-1-202607-02923,1969,"2026-08-03 15:20:40","On Hold (Pending with Requester)"
TKT-1-202607-02923,1969,"2026-08-03 16:25:02","Assigned (In Progress)"
TKT-1-202607-02923,1969,"2026-08-03 17:12:31","On Hold (Pending with Requester)"
TKT-1-202607-02923,1969,"2026-08-05 18:41:37","Assigned (In Progress)"
TKT-1-202607-02923,1969,"2026-08-05 20:45:14","On Hold (Pending with Requester)"
TKT-1-202607-02923,1969,"2026-08-06 14:33:41","Assigned (In Progress)"
TKT-1-202607-02923,1969,"2026-08-06 14:44:12","On Hold (Pending with Requester)"
TKT-1-202607-02923,1969,"2026-08-07 10:13:18","Assigned (In Progress)"
TKT-1-202607-02923,1969,"2026-08-07 10:46:37",Resolved
TKT-1-202607-02923,1969,"2026-09-11 16:07:09",Closed
TKT-1-202607-02944,2513,"2026-07-29 13:33:01","Open (New)"
TKT-1-202607-02944,2513,"2026-07-29 13:35:10","Assigned (In Progress)"
TKT-1-202607-02944,2513,"2026-07-29 19:00:26","On Hold (Pending with Requester)"
TKT-1-202607-02944,2513,"2026-07-31 14:31:07","Assigned (In Progress)"
TKT-1-202607-02944,2513,"2026-08-06 14:53:47",Resolved
TKT-1-202607-02972,1583,"2026-07-29 16:01:59","Open (New)"
TKT-1-202607-02972,1583,"2026-07-29 16:11:11","Assigned (In Progress)"
TKT-1-202607-02972,1583,"2026-07-29 18:35:30","On Hold (Pending with Requester)"
TKT-1-202607-02972,1583,"2026-07-30 15:48:59","Assigned (In Progress)"
TKT-1-202607-02972,1583,"2026-07-30 17:59:10","On Hold (Pending with Requester)"
TKT-1-202607-02972,1583,"2026-08-01 11:30:33","Assigned (In Progress)"
TKT-1-202607-02972,1583,"2026-08-03 17:10:09",Resolved
TKT-1-202607-02972,1583,"2026-08-04 16:16:22",Reopened
TKT-1-202607-02972,1583,"2026-08-04 16:39:28","Assigned (In Progress)"
TKT-1-202607-02972,1583,"2026-08-06 14:12:09",Resolved
TKT-1-202607-02972,1583,"2026-09-10 11:11:34",Closed
TKT-1-202607-03003,1125,"2026-07-30 11:06:23","Open (New)"
TKT-1-202607-03003,1125,"2026-07-30 11:23:53","Assigned (In Progress)"
TKT-1-202607-03003,1125,"2026-08-03 11:04:38",Resolved
TKT-1-202607-03017,84,"2026-07-30 11:56:46","Open (New)"
TKT-1-202607-03017,84,"2026-07-30 11:58:15","Assigned (In Progress)"
TKT-1-202607-03017,84,"2026-07-31 12:17:05",Resolved
TKT-1-202607-03032,6249,"2026-07-30 12:28:46","Open (New)"
TKT-1-202607-03032,6249,"2026-07-30 12:29:14","Assigned (In Progress)"
TKT-1-202607-03032,6249,"2026-08-13 16:34:00",Resolved
TKT-1-202607-03069,1132,"2026-07-30 15:31:47","Open (New)"
TKT-1-202607-03069,1132,"2026-07-30 15:33:35","Assigned (In Progress)"
TKT-1-202607-03069,1132,"2026-08-03 15:19:45",Resolved
TKT-1-202607-03139,13462,"2026-07-31 13:28:19","Open (New)"
TKT-1-202607-03139,13462,"2026-07-31 13:52:04","Assigned (In Progress)"
TKT-1-202607-03139,13462,"2026-09-02 12:09:43",Resolved
TKT-1-202607-03165,1695,"2026-07-31 15:34:43","Open (New)"
TKT-1-202607-03165,1695,"2026-07-31 15:35:53","Assigned (In Progress)"
TKT-1-202607-03165,1695,"2026-08-05 15:46:08",Resolved
TKT-1-202607-03181,473,"2026-07-31 16:51:21","Open (New)"
TKT-1-202607-03181,473,"2026-07-31 16:51:56","Assigned (In Progress)"
TKT-1-202607-03181,473,"2026-08-03 14:40:37",Resolved
