ticket_id,breached_by_minutes,reported_date,sla_id,resolution_time_minutes,response_time_minutes,status,due_at
TKT-1-202608-01344,2,"2026-08-13 16:53:23",SLA-S4,477,15,RESOLVED,"2026-08-18 11:50:23"
TKT-1-202608-00553,4,"2026-08-06 13:03:25",SLA-S4,479,3,PENDING_WITH_FCI,"2026-09-12 17:55:25"
TKT-1-202608-03297,4,"2026-08-28 17:26:59",SLA-S4,479,1,RESOLVED,"2026-09-02 11:48:59"
TKT-1-202608-02228,5,"2026-08-20 12:15:43",SLA-S4,480,13,PENDING_WITH_FCI,"2026-09-12 17:54:43"
TKT-1-202608-01816,6,"2026-08-18 13:35:49",SLA-S1,31,10,RESOLVED,"2026-08-18 14:01:49"
TKT-1-202608-02434,6,"2026-08-21 14:31:34",SLA-S4,1021,2,RESOLVED,"2026-09-02 14:16:34"
TKT-1-202608-03042,6,"2026-08-25 13:57:15",SLA-S4,248,14,RESOLVED,"2026-09-07 14:08:00"
TKT-1-202608-03201,7,"2026-08-27 15:54:56",SLA-S4,482,2,RESOLVED,"2026-09-07 15:25:56"
TKT-1-202608-02213,8,"2026-08-20 11:35:19",SLA-S4,483,3,RESOLVED,"2026-08-21 10:30:19"
TKT-1-202608-03140,9,"2026-08-27 11:29:34",SLA-S4,484,4,CLOSED,"2026-08-28 10:28:34"
TKT-1-202608-00060,11,"2026-08-01 16:34:37",SLA-S4,486,10,RESOLVED,"2026-08-08 16:50:37"
TKT-1-202608-02611,11,"2026-08-22 17:27:53",SLA-S4,1026,5,RESOLVED,"2026-08-31 12:26:53"
TKT-1-202608-00793,12,"2026-08-07 18:17:06",SLA-S4,1027,6,PENDING_WITH_REQUESTER,"2026-09-12 17:48:00"
TKT-1-202608-03239,13,"2026-08-28 11:23:22",SLA-S4,1028,28,PENDING_WITH_REQUESTER,"2026-09-12 17:46:22"
TKT-1-202608-03353,14,"2026-08-29 16:14:28",SLA-S4,489,0,CLOSED,"2026-08-31 15:09:28"
TKT-1-202608-01502,16,"2026-08-15 13:07:36",SLA-S4,491,18,RESOLVED,"2026-08-18 12:36:00"
TKT-1-202608-02292,16,"2026-08-20 15:56:25",SLA-S4,491,14,RESOLVED,"2026-08-31 15:58:25"
TKT-1-202608-02347,17,"2026-08-20 17:22:29",SLA-S4,492,1,PENDING_WITH_FCI,"2026-09-12 17:42:29"
TKT-1-202608-02656,17,"2026-08-23 10:49:01",SLA-S4,492,35,RESOLVED,"2026-09-10 15:34:00"
TKT-1-202608-03039,18,"2026-08-25 13:27:05",SLA-S4,290,17,RESOLVED,"2026-08-27 16:05:00"
TKT-1-202608-01870,20,"2026-08-18 14:43:52",SLA-S4,495,40,RESOLVED,"2026-08-19 17:39:52"
TKT-1-202608-03085,21,"2026-08-25 18:16:36",SLA-S4,21,9,RESOLVED,"2026-08-27 09:01:00"
TKT-1-202608-03218,21,"2026-08-27 17:26:59",SLA-S4,496,0,PENDING_WITH_FCI,"2026-09-12 17:38:59"
TKT-1-202608-00846,22,"2026-08-10 11:20:15",SLA-S4,497,22,PENDING_WITH_FCI,"2026-09-12 17:37:15"
TKT-1-202608-01110,23,"2026-08-12 11:29:19",SLA-S4,498,1,RESOLVED,"2026-08-18 11:07:19"
TKT-1-202608-03002,24,"2026-08-25 00:20:04",SLA-S4,499,22,RESOLVED,"2026-09-07 09:51:00"
TKT-1-202608-03124,26,"2026-08-27 10:36:56",SLA-S4,501,2,RESOLVED,"2026-08-29 13:27:56"
TKT-1-202608-03211,26,"2026-08-27 16:54:08",SLA-S4,501,2,PENDING_WITH_REQUESTER,"2026-09-12 17:33:08"
TKT-1-202608-01234,28,"2026-08-13 10:17:05",SLA-S4,503,28,RESOLVED,"2026-08-25 17:31:05"
TKT-1-202608-02526,28,"2026-08-22 12:13:58",SLA-S4,1043,2,RESOLVED,"2026-08-31 10:22:58"
TKT-1-202608-02608,37,"2026-08-22 17:22:56",SLA-S4,512,10,RESOLVED,"2026-08-25 13:31:56"
TKT-1-202608-02120,39,"2026-08-19 14:39:31",SLA-S4,514,1,RESOLVED,"2026-08-28 15:13:31"
TKT-1-202608-00820,40,"2026-08-08 17:24:52",SLA-S4,550,1,CLOSED,"2026-08-11 12:00:00"
TKT-1-202608-01807,41,"2026-08-18 12:59:18",SLA-S4,516,3,PENDING_WITH_REQUESTER,"2026-09-12 17:18:18"
TKT-1-202608-02520,41,"2026-08-22 11:47:04",SLA-S4,516,5,RESOLVED,"2026-08-24 13:57:04"
TKT-1-202608-02886,41,"2026-08-24 14:53:19",SLA-S1,66,2,RESOLVED,"2026-08-24 15:19:19"
TKT-1-202608-03045,46,"2026-08-25 14:16:21",SLA-S4,269,3,RESOLVED,"2026-09-08 15:05:00"
TKT-1-202608-01529,49,"2026-08-15 20:42:15",SLA-S4,524,8,RESOLVED,"2026-08-18 16:01:00"
TKT-1-202608-03216,50,"2026-08-27 17:20:50",SLA-S4,525,2,RESOLVED,"2026-09-01 10:28:50"
TKT-1-202608-01615,52,"2026-08-17 12:32:54",SLA-S4,527,1,RESOLVED,"2026-09-09 15:01:54"
TKT-1-202608-03194,52,"2026-08-27 15:16:24",SLA-S4,527,5,PENDING_WITH_REQUESTER,"2026-09-12 17:07:24"
TKT-1-202608-00230,53,"2026-08-04 10:18:03",SLA-S4,528,4,RESOLVED,"2026-08-06 14:39:03"
TKT-1-202608-02118,53,"2026-08-19 14:38:20",SLA-S4,528,3,PENDING_WITH_FCI,"2026-09-12 17:06:20"
TKT-1-202608-02748,53,"2026-08-24 11:36:50",SLA-S4,528,9,CLOSED,"2026-08-25 16:46:50"
TKT-1-202608-00943,54,"2026-08-10 17:46:09",SLA-S4,529,6,PENDING_WITH_FCI,"2026-09-12 17:05:09"
TKT-1-202608-03303,54,"2026-08-28 18:12:08",SLA-S4,529,0,RESOLVED,"2026-09-07 15:48:00"
TKT-1-202608-00148,58,"2026-08-03 13:32:54",SLA-S4,800,8,PENDING_WITH_FCI,"2026-09-12 17:02:00"
TKT-1-202608-00082,64,"2026-08-02 18:31:04",SLA-S4,539,7,RESOLVED,"2026-08-03 16:56:00"
TKT-1-202608-00904,64,"2026-08-10 14:47:51",SLA-S4,731,12,PENDING_WITH_FCI,"2026-09-12 16:56:00"
TKT-1-202608-01485,64,"2026-08-14 23:07:36",SLA-S4,539,18,CLOSED,"2026-08-18 16:56:00"
TKT-1-202608-02697,64,"2026-08-23 16:39:21",SLA-S4,539,37,RESOLVED,"2026-08-24 16:56:00"
TKT-1-202608-03340,65,"2026-08-29 13:49:05",SLA-S4,540,2,RESOLVED,"2026-09-07 15:44:05"
TKT-1-202608-02183,66,"2026-08-19 17:54:47",SLA-S4,541,4,RESOLVED,"2026-09-02 11:08:47"
TKT-1-202608-02240,69,"2026-08-20 12:33:40",SLA-S1,94,3,RESOLVED,"2026-08-20 12:59:40"
TKT-1-202608-03158,72,"2026-08-27 12:33:13",SLA-S4,547,4,RESOLVED,"2026-09-02 15:13:13"
TKT-1-202608-01371,73,"2026-08-14 11:23:34",SLA-S4,548,0,RESOLVED,"2026-08-17 16:46:34"
TKT-1-202608-01683,76,"2026-08-17 15:46:49",SLA-S4,551,8,PENDING_WITH_REQUESTER,"2026-09-12 17:47:49"
TKT-1-202608-03295,77,"2026-08-28 17:21:42",SLA-S4,552,0,RESOLVED,"2026-09-08 14:22:42"
TKT-1-202608-01675,78,"2026-08-17 15:28:11",SLA-S4,704,1,RESOLVED,"2026-09-08 14:58:00"
TKT-1-202608-03275,79,"2026-08-28 15:16:05",SLA-S4,554,4,PENDING_WITH_FCI,"2026-09-12 16:40:05"
TKT-1-202608-03086,80,"2026-08-25 18:59:20",SLA-S4,80,9,RESOLVED,"2026-08-27 09:01:00"
TKT-1-202608-00961,81,"2026-08-11 08:24:26",SLA-S1,106,1,RESOLVED,"2026-08-11 09:27:00"
TKT-1-202608-03046,82,"2026-08-25 14:25:41",SLA-S4,296,2,RESOLVED,"2026-08-27 09:02:00"
TKT-1-202608-03263,82,"2026-08-28 13:06:30",SLA-S4,557,0,PENDING_WITH_FCI,"2026-09-12 16:37:30"
TKT-1-202608-03031,84,"2026-08-25 12:30:21",SLA-S4,413,4,CLOSED,"2026-08-27 16:02:00"
TKT-1-202608-03309,85,"2026-08-29 09:45:51",SLA-S4,560,8,RESOLVED,"2026-09-01 09:45:51"
TKT-1-202608-02045,86,"2026-08-19 10:22:02",SLA-S4,561,5,CLOSED,"2026-08-27 13:35:02"
TKT-1-202608-03117,88,"2026-08-26 17:30:47",SLA-S4,533,15,RESOLVED,"2026-09-10 14:53:47"
TKT-1-202608-00071,89,"2026-08-01 17:57:16",SLA-S4,566,1,RESOLVED,"2026-08-14 09:22:00"
TKT-1-202608-03157,90,"2026-08-27 12:23:14",SLA-S4,565,3,ASSIGNED,"2026-09-12 16:29:14"
TKT-1-202608-00638,92,"2026-08-06 17:12:09",SLA-S4,567,4,CLOSED,"2026-08-08 17:52:09"
TKT-1-202608-01086,92,"2026-08-11 21:01:43",SLA-S4,567,9,PENDING_WITH_FCI,"2026-09-12 16:28:00"
TKT-1-202608-03110,92,"2026-08-26 13:02:52",SLA-S4,269,14,PENDING_WITH_REQUESTER,"2026-09-12 16:28:52"
TKT-1-202608-03006,94,"2026-08-25 10:24:25",SLA-S4,549,1,PENDING_WITH_REQUESTER,"2026-09-12 16:26:00"
TKT-1-202608-02258,96,"2026-08-20 13:29:59",SLA-S4,571,22,RESOLVED,"2026-08-29 13:07:59"
TKT-1-202608-03186,96,"2026-08-27 14:24:42",SLA-S4,571,4,PENDING_WITH_FCI,"2026-09-12 16:23:42"
TKT-1-202608-03202,100,"2026-08-27 15:56:30",SLA-S4,575,1,PENDING_WITH_FCI,"2026-09-12 16:19:30"
TKT-1-202608-03348,100,"2026-08-29 15:49:11",SLA-S4,575,4,RESOLVED,"2026-09-09 13:30:11"
TKT-1-202608-02330,101,"2026-08-20 16:40:25",SLA-S4,576,2,CLOSED,"2026-08-24 09:13:25"
TKT-1-202608-00379,104,"2026-08-05 10:21:27",SLA-S4,579,3,PENDING_WITH_REQUESTER,"2026-09-12 16:15:27"
TKT-1-202608-02736,107,"2026-08-24 11:09:33",SLA-S4,582,0,RESOLVED,"2026-08-27 12:53:33"
TKT-1-202608-00363,110,"2026-08-04 18:06:13",SLA-S4,585,30,RESOLVED,"2026-08-05 16:56:00"
TKT-1-202608-01500,112,"2026-08-15 12:43:18",SLA-S4,587,9,RESOLVED,"2026-08-18 09:19:00"
TKT-1-202608-03065,113,"2026-08-25 15:34:40",SLA-S4,258,0,RESOLVED,"2026-09-10 14:08:00"
TKT-1-202608-03136,115,"2026-08-27 11:19:07",SLA-S4,590,0,RESOLVED,"2026-08-31 14:38:07"
TKT-1-202608-01830,116,"2026-08-18 13:56:17",SLA-S4,591,1,CLOSED,"2026-08-19 15:46:17"
TKT-1-202608-02515,116,"2026-08-22 11:20:12",SLA-S4,990,6,RESOLVED,"2026-08-28 13:44:00"
TKT-1-202608-03387,117,"2026-08-31 12:30:55",SLA-S4,592,4,CLOSED,"2026-09-01 13:48:55"
TKT-1-202608-02178,118,"2026-08-19 17:30:09",SLA-S4,593,3,PENDING_WITH_REQUESTER,"2026-09-12 16:01:09"
TKT-1-202608-02637,123,"2026-08-22 23:57:07",SLA-S4,598,20,RESOLVED,"2026-08-25 10:14:00"
TKT-1-202608-01207,125,"2026-08-12 17:07:09",SLA-S4,600,1,CLOSED,"2026-08-25 17:28:09"
TKT-1-202608-03467,138,"2026-08-31 19:54:07",SLA-S4,613,21,RESOLVED,"2026-09-01 16:56:00"
TKT-1-202608-01594,140,"2026-08-17 11:59:17",SLA-S4,615,0,RESOLVED,"2026-08-20 12:13:17"
TKT-1-202608-03337,142,"2026-08-29 13:26:49",SLA-S4,617,6,PENDING_WITH_REQUESTER,"2026-09-12 15:37:49"
TKT-1-202608-01521,143,"2026-08-15 18:45:31",SLA-S4,618,6,RESOLVED,"2026-08-18 15:10:00"
TKT-1-202608-03435,144,"2026-08-31 16:20:06",SLA-S4,619,7,RESOLVED,"2026-09-11 14:39:06"
TKT-1-202608-02723,145,"2026-08-24 10:35:36",SLA-S4,620,4,RESOLVED,"2026-08-25 09:34:36"
TKT-1-202608-03170,146,"2026-08-27 13:16:27",SLA-S4,621,1,RESOLVED,"2026-09-07 16:37:27"
TKT-1-202608-02346,148,"2026-08-20 17:20:43",SLA-S1,173,2,RESOLVED,"2026-08-25 13:59:43"
TKT-1-202608-02249,151,"2026-08-20 12:52:54",SLA-S4,626,4,CLOSED,"2026-08-21 12:42:54"
TKT-1-202608-02890,151,"2026-08-24 15:11:23",SLA-S4,794,1,PENDING_WITH_FCI,"2026-09-12 15:29:00"
TKT-1-202608-02495,155,"2026-08-21 19:52:24",SLA-S4,630,23,RESOLVED,"2026-08-24 09:07:00"
TKT-1-202608-02530,158,"2026-08-22 12:39:32",SLA-S4,633,72,RESOLVED,"2026-08-24 12:46:32"
TKT-1-202608-03196,158,"2026-08-27 15:25:37",SLA-S4,633,3,RESOLVED,"2026-08-31 10:17:37"
TKT-1-202608-03294,160,"2026-08-28 17:18:23",SLA-S4,635,1,RESOLVED,"2026-09-09 12:07:23"
TKT-1-202608-03453,161,"2026-08-31 17:08:29",SLA-S4,636,9,PENDING_WITH_FCI,"2026-09-12 15:18:29"
TKT-1-202608-02762,162,"2026-08-24 12:42:00",SLA-S4,637,0,RESOLVED,"2026-08-27 16:53:00"
TKT-1-202608-03286,162,"2026-08-28 16:22:25",SLA-S4,637,0,PENDING_WITH_REQUESTER,"2026-09-12 15:17:25"
TKT-1-202608-03097,164,"2026-08-25 22:50:29",SLA-S4,164,11,CLOSED,"2026-08-27 09:11:00"
TKT-1-202608-03395,164,"2026-08-31 13:20:35",SLA-S4,639,7,RESOLVED,"2026-09-07 16:49:35"
TKT-1-202608-01138,166,"2026-08-12 12:58:40",SLA-S4,641,1,RESOLVED,"2026-08-14 14:02:40"
TKT-1-202608-02528,166,"2026-08-22 12:25:59",SLA-S4,975,11,RESOLVED,"2026-08-25 13:05:00"
TKT-1-202608-00454,177,"2026-08-05 15:19:21",SLA-S4,652,9,RESOLVED,"2026-09-02 09:02:21"
TKT-1-202608-00814,180,"2026-08-08 14:54:43",SLA-S4,655,1,RESOLVED,"2026-08-11 12:19:43"
TKT-1-202608-02410,181,"2026-08-21 13:02:04",SLA-S4,1196,2,RESOLVED,"2026-08-28 16:54:04"
TKT-1-202608-00753,182,"2026-08-07 15:44:33",SLA-S4,657,16,PENDING_WITH_FCI,"2026-09-12 14:57:33"
TKT-1-202608-00742,183,"2026-08-07 15:18:16",SLA-S4,1198,0,PENDING_WITH_FCI,"2026-09-12 14:56:16"
TKT-1-202608-01097,183,"2026-08-12 10:55:05",SLA-S4,658,6,CLOSED,"2026-08-25 16:28:05"
TKT-1-202608-03233,183,"2026-08-27 20:59:08",SLA-S4,658,0,RESOLVED,"2026-09-02 14:38:00"
TKT-1-202608-01603,186,"2026-08-17 12:09:34",SLA-S4,661,0,RESOLVED,"2026-08-25 17:44:34"
TKT-1-202608-02661,186,"2026-08-23 11:18:12",SLA-S4,1201,42,RESOLVED,"2026-08-29 17:17:00"
TKT-1-202608-02052,187,"2026-08-19 11:04:37",SLA-S4,662,14,PENDING_WITH_REQUESTER,"2026-09-12 14:52:37"
TKT-1-202608-02902,188,"2026-08-24 15:39:50",SLA-S4,663,0,RESOLVED,"2026-08-25 14:51:50"
TKT-1-202608-02999,189,"2026-08-24 21:53:32",SLA-S4,664,23,CLOSED,"2026-08-28 10:25:00"
TKT-1-202608-02354,193,"2026-08-20 17:44:23",SLA-S1,218,3,RESOLVED,"2026-08-24 15:47:23"
TKT-1-202608-01728,194,"2026-08-17 17:22:41",SLA-S4,706,2,RESOLVED,"2026-09-09 10:49:00"
TKT-1-202608-01361,195,"2026-08-14 08:06:20",SLA-S4,670,26,RESOLVED,"2026-09-07 11:05:00"
TKT-1-202608-02698,195,"2026-08-23 16:52:22",SLA-S4,670,37,RESOLVED,"2026-08-24 18:00:00"
TKT-1-202608-02555,202,"2026-08-22 15:12:50",SLA-S4,677,1,RESOLVED,"2026-08-27 13:00:50"
TKT-1-202608-01817,203,"2026-08-18 13:36:06",SLA-S4,678,10,RESOLVED,"2026-08-21 12:44:06"
TKT-1-202608-01530,204,"2026-08-15 20:55:49",SLA-S4,679,16,RESOLVED,"2026-08-19 09:34:00"
TKT-1-202608-01823,204,"2026-08-18 13:42:47",SLA-S4,679,5,RESOLVED,"2026-08-25 12:15:47"
TKT-1-202608-00289,206,"2026-08-04 13:18:00",SLA-S4,681,40,PENDING_WITH_REQUESTER,"2026-09-12 14:34:00"
TKT-1-202608-00069,210,"2026-08-01 17:50:52",SLA-S4,694,0,CLOSED,"2026-08-04 11:12:00"
TKT-1-202608-02492,210,"2026-08-21 19:27:08",SLA-S4,1225,11,RESOLVED,"2026-08-25 17:25:00"
TKT-1-202608-00041,211,"2026-08-01 14:21:51",SLA-S4,1226,5,PENDING_WITH_REQUESTER,"2026-09-12 14:28:51"
TKT-1-202608-03067,211,"2026-08-25 15:38:23",SLA-S4,352,0,RESOLVED,"2026-09-09 12:54:00"
TKT-1-202608-01176,212,"2026-08-12 15:15:44",SLA-S4,687,5,PENDING_WITH_FCI,"2026-09-12 14:27:44"
TKT-1-202608-03305,214,"2026-08-28 19:19:35",SLA-S4,689,0,RESOLVED,"2026-09-10 11:46:00"
TKT-1-202608-03080,217,"2026-08-25 17:34:23",SLA-S4,242,8,RESOLVED,"2026-08-27 17:36:00"
TKT-1-202608-03023,218,"2026-08-25 12:02:44",SLA-S4,575,16,PENDING_WITH_FCI,"2026-09-12 14:22:00"
TKT-1-202608-01549,222,"2026-08-16 16:43:57",SLA-S4,697,7,RESOLVED,"2026-08-20 12:23:00"
TKT-1-202608-00024,223,"2026-08-01 12:43:34",SLA-S4,698,1,RESOLVED,"2026-08-13 16:04:34"
TKT-1-202608-02986,223,"2026-08-24 18:31:29",SLA-S4,698,24,PENDING_WITH_FCI,"2026-09-12 14:17:00"
TKT-1-202608-00835,225,"2026-08-10 10:42:25",SLA-S4,700,6,RESOLVED,"2026-08-12 17:55:25"
TKT-1-202608-02721,227,"2026-08-24 10:29:07",SLA-S4,702,4,RESOLVED,"2026-08-27 11:09:07"
TKT-1-202608-03273,229,"2026-08-28 14:56:59",SLA-S4,704,3,PENDING_WITH_FCI,"2026-09-12 14:10:59"
TKT-1-202608-02891,230,"2026-08-24 15:18:03",SLA-S4,866,2,PENDING_WITH_REQUESTER,"2026-09-12 14:10:00"
TKT-1-202608-00245,238,"2026-08-04 11:34:06",SLA-S4,713,6,RESOLVED,"2026-08-05 10:29:06"
TKT-1-202608-03102,239,"2026-08-26 10:44:25",SLA-S4,278,12,CLOSED,"2026-08-27 15:38:25"
TKT-1-202608-03021,241,"2026-08-25 11:57:18",SLA-S4,603,2,RESOLVED,"2026-09-01 15:23:00"
TKT-1-202608-03322,243,"2026-08-29 11:41:11",SLA-S4,718,1,RESOLVED,"2026-09-08 09:48:11"
TKT-1-202608-01692,244,"2026-08-17 16:04:20",SLA-S4,719,0,CLOSED,"2026-08-20 13:55:20"
TKT-1-202608-00081,245,"2026-08-02 12:55:34",SLA-S4,720,6,RESOLVED,"2026-08-24 12:32:00"
TKT-1-202608-03459,245,"2026-08-31 17:59:09",SLA-S4,720,0,RESOLVED,"2026-09-07 17:25:09"
TKT-1-202608-00037,248,"2026-08-01 14:05:18",SLA-S4,957,0,RESOLVED,"2026-08-11 10:14:00"
TKT-1-202608-03458,248,"2026-08-31 17:56:05",SLA-S4,723,0,RESOLVED,"2026-09-07 17:23:05"
TKT-1-202608-03107,250,"2026-08-26 11:57:42",SLA-S4,362,13,PENDING_WITH_FCI,"2026-09-12 13:50:42"
TKT-1-202608-00253,253,"2026-08-04 11:56:05",SLA-S4,728,1,PENDING_WITH_FCI,"2026-09-12 13:46:05"
TKT-1-202608-01175,253,"2026-08-12 15:12:04",SLA-S4,728,0,RESOLVED,"2026-09-10 11:07:04"
TKT-1-202608-02624,255,"2026-08-22 18:59:24",SLA-S4,730,36,RESOLVED,"2026-08-28 15:33:00"
TKT-1-202608-03347,263,"2026-08-29 15:33:52",SLA-S4,738,7,PENDING_WITH_REQUESTER,"2026-09-12 13:36:52"
TKT-1-202608-01358,264,"2026-08-13 19:27:25",SLA-S4,739,26,PENDING_WITH_FCI,"2026-09-12 13:36:00"
TKT-1-202608-01805,265,"2026-08-18 12:51:24",SLA-S4,740,4,CLOSED,"2026-08-19 15:19:24"
TKT-1-202608-01722,266,"2026-08-17 17:01:40",SLA-S4,741,14,RESOLVED,"2026-09-09 17:29:40"
TKT-1-202608-02690,268,"2026-08-23 15:26:20",SLA-S4,743,33,RESOLVED,"2026-08-27 15:31:00"
TKT-1-202608-02898,270,"2026-08-24 15:29:28",SLA-S4,745,9,RESOLVED,"2026-09-08 15:29:28"
TKT-1-202608-03003,272,"2026-08-25 06:34:40",SLA-S4,747,22,RESOLVED,"2026-08-31 12:12:00"
TKT-1-202608-00660,273,"2026-08-06 18:03:03",SLA-S4,748,32,CLOSED,"2026-08-08 13:27:00"
TKT-1-202608-00025,277,"2026-08-01 12:44:46",SLA-S4,752,1,RESOLVED,"2026-08-04 11:58:46"
TKT-1-202608-03375,278,"2026-08-30 15:08:09",SLA-S4,753,0,RESOLVED,"2026-09-08 16:43:00"
TKT-1-202608-01079,279,"2026-08-11 17:59:48",SLA-S4,754,9,PENDING_WITH_FCI,"2026-09-12 13:20:48"
TKT-1-202608-00684,282,"2026-08-07 11:38:16",SLA-S4,757,1,PENDING_WITH_FCI,"2026-09-12 13:17:16"
TKT-1-202608-01486,282,"2026-08-15 09:17:15",SLA-S4,757,10,CLOSED,"2026-08-18 11:50:00"
TKT-1-202608-02833,282,"2026-08-24 13:07:29",SLA-S4,757,65,RESOLVED,"2026-08-25 13:08:29"
TKT-1-202608-00932,286,"2026-08-10 16:56:54",SLA-S1,311,18,RESOLVED,"2026-08-17 11:10:54"
TKT-1-202608-03127,286,"2026-08-27 10:46:29",SLA-S4,761,5,CLOSED,"2026-08-28 10:35:29"
TKT-1-202608-02687,287,"2026-08-23 15:01:29",SLA-S4,762,33,RESOLVED,"2026-08-27 10:07:00"
TKT-1-202608-00650,288,"2026-08-06 17:50:04",SLA-S4,763,1,PENDING_WITH_FCI,"2026-09-12 13:11:04"
TKT-1-202608-03096,288,"2026-08-25 22:47:46",SLA-S4,288,11,CLOSED,"2026-08-27 09:25:00"
TKT-1-202608-00762,294,"2026-08-07 16:07:22",SLA-S4,769,0,PENDING_WITH_FCI,"2026-09-12 13:05:22"
TKT-1-202608-02668,297,"2026-08-23 12:40:45",SLA-S4,1312,41,CLOSED,"2026-09-02 16:03:00"
TKT-1-202608-00255,299,"2026-08-04 12:03:43",SLA-S4,774,1,PENDING_WITH_REQUESTER,"2026-09-12 14:04:43"
TKT-1-202608-00813,299,"2026-08-08 13:27:29",SLA-S4,1046,5,RESOLVED,"2026-08-29 09:03:00"
TKT-1-202608-03156,303,"2026-08-27 12:22:10",SLA-S4,778,4,RESOLVED,"2026-09-08 09:46:10"
TKT-1-202608-00879,307,"2026-08-10 12:51:14",SLA-S4,1090,2,PENDING_WITH_FCI,"2026-09-12 12:53:00"
TKT-1-202608-01597,313,"2026-08-17 12:00:35",SLA-S4,788,1,RESOLVED,"2026-09-09 10:31:35"
TKT-1-202608-00749,315,"2026-08-07 15:29:59",SLA-S4,790,10,PENDING_WITH_FCI,"2026-09-12 12:44:59"
TKT-1-202608-01992,315,"2026-08-18 17:02:20",SLA-S4,790,8,RESOLVED,"2026-08-19 15:57:20"
TKT-1-202608-02676,315,"2026-08-23 13:55:21",SLA-S4,790,41,RESOLVED,"2026-08-27 12:17:00"
TKT-1-202608-00143,321,"2026-08-03 13:13:36",SLA-S4,796,0,RESOLVED,"2026-08-06 11:44:36"
TKT-1-202608-00890,321,"2026-08-10 13:38:53",SLA-S4,796,15,RESOLVED,"2026-08-13 13:31:53"
TKT-1-202608-03237,321,"2026-08-28 10:52:39",SLA-S4,1336,0,CLOSED,"2026-09-03 11:24:39"
TKT-1-202608-03346,324,"2026-08-29 15:30:09",SLA-S4,799,11,RESOLVED,"2026-09-07 10:48:09"
TKT-1-202608-02556,328,"2026-08-22 15:12:50",SLA-S4,1343,1,RESOLVED,"2026-08-29 13:48:50"
TKT-1-202608-02006,330,"2026-08-18 17:31:31",SLA-S4,805,3,RESOLVED,"2026-09-08 11:16:31"
TKT-1-202608-02689,332,"2026-08-23 15:25:39",SLA-S4,807,33,RESOLVED,"2026-08-31 11:54:00"
TKT-1-202608-02463,333,"2026-08-21 16:31:11",SLA-S4,1348,2,RESOLVED,"2026-08-29 09:16:11"
TKT-1-202608-02674,333,"2026-08-23 13:29:54",SLA-S4,808,41,RESOLVED,"2026-09-05 17:41:00"
TKT-1-202608-00210,334,"2026-08-03 17:32:50",SLA-S4,836,3,PENDING_WITH_FCI,"2026-09-12 12:26:00"
TKT-1-202608-00643,334,"2026-08-06 17:22:38",SLA-S4,809,3,RESOLVED,"2026-09-01 10:42:38"
TKT-1-202608-02903,335,"2026-08-24 15:46:34",SLA-S4,810,6,RESOLVED,"2026-09-07 09:10:34"
TKT-1-202608-00009,340,"2026-08-01 11:08:43",SLA-S4,815,3,CLOSED,"2026-08-04 17:14:43"
TKT-1-202608-00537,344,"2026-08-06 12:18:08",SLA-S4,819,1,RESOLVED,"2026-08-11 13:50:08"
TKT-1-202608-01095,348,"2026-08-12 10:46:30",SLA-S4,823,0,RESOLVED,"2026-08-21 12:11:30"
TKT-1-202608-02094,359,"2026-08-19 13:14:23",SLA-S4,834,2,RESOLVED,"2026-08-20 15:57:23"
TKT-1-202608-02881,360,"2026-08-24 14:27:25",SLA-S4,835,9,RESOLVED,"2026-08-25 13:22:25"
TKT-1-202608-02778,366,"2026-08-24 12:57:20",SLA-S4,841,78,PENDING_WITH_REQUESTER,"2026-09-12 11:53:20"
TKT-1-202608-03447,366,"2026-08-31 16:58:46",SLA-S4,841,1,PENDING_WITH_REQUESTER,"2026-09-12 11:53:46"
TKT-1-202608-00327,367,"2026-08-04 16:31:48",SLA-S4,842,7,PENDING_WITH_FCI,"2026-09-12 11:52:48"
TKT-1-202608-02088,367,"2026-08-19 12:56:11",SLA-S4,842,1,RESOLVED,"2026-08-20 11:52:11"
TKT-1-202608-00237,369,"2026-08-04 11:17:45",SLA-S4,844,3,RESOLVED,"2026-08-05 10:16:45"
TKT-1-202608-00983,373,"2026-08-11 12:12:16",SLA-S4,848,0,RESOLVED,"2026-08-14 15:22:16"
TKT-1-202608-03402,373,"2026-08-31 14:07:12",SLA-S4,848,12,RESOLVED,"2026-09-01 13:02:12"
TKT-1-202608-01574,376,"2026-08-17 11:13:17",SLA-S4,851,0,RESOLVED,"2026-08-19 09:19:17"
TKT-1-202608-00365,383,"2026-08-04 18:26:10",SLA-S4,858,30,RESOLVED,"2026-08-07 09:44:00"
TKT-1-202608-02874,383,"2026-08-24 14:18:32",SLA-S4,858,2,RESOLVED,"2026-09-07 15:08:32"
TKT-1-202608-03331,388,"2026-08-29 12:30:08",SLA-S4,863,2,RESOLVED,"2026-09-08 13:47:08"
TKT-1-202608-01249,389,"2026-08-13 11:39:36",SLA-S4,864,0,RESOLVED,"2026-08-18 11:26:36"
TKT-1-202608-03287,390,"2026-08-28 16:26:39",SLA-S4,865,5,PENDING_WITH_FCI,"2026-09-12 11:29:39"
TKT-1-202608-00582,392,"2026-08-06 14:41:14",SLA-S4,867,25,RESOLVED,"2026-08-27 10:20:14"
TKT-1-202608-00129,393,"2026-08-03 12:26:09",SLA-S4,868,0,CLOSED,"2026-08-14 09:29:09"
TKT-1-202608-03038,393,"2026-08-25 13:21:22",SLA-S4,671,22,RESOLVED,"2026-09-09 10:57:00"
TKT-1-202608-01136,394,"2026-08-12 12:54:40",SLA-S4,869,6,RESOLVED,"2026-08-27 14:20:40"
TKT-1-202608-01623,395,"2026-08-17 12:55:23",SLA-S4,870,0,RESOLVED,"2026-08-18 14:30:23"
TKT-1-202608-01182,397,"2026-08-12 15:27:47",SLA-S4,872,15,RESOLVED,"2026-09-03 10:00:47"
TKT-1-202608-03089,402,"2026-08-25 19:42:03",SLA-S4,402,10,RESOLVED,"2026-08-28 09:03:00"
TKT-1-202608-00406,404,"2026-08-05 12:20:29",SLA-S4,879,1,PENDING_WITH_FCI,"2026-09-12 11:15:29"
TKT-1-202608-02760,405,"2026-08-24 12:35:34",SLA-S4,880,2,RESOLVED,"2026-09-07 10:06:34"
TKT-1-202608-01771,410,"2026-08-18 11:08:57",SLA-S4,885,5,RESOLVED,"2026-09-11 11:09:57"
TKT-1-202608-02872,419,"2026-08-24 14:12:45",SLA-S4,894,8,RESOLVED,"2026-08-27 10:20:45"
TKT-1-202608-03382,419,"2026-08-31 11:00:34",SLA-S4,894,5,RESOLVED,"2026-09-05 13:14:34"
TKT-1-202608-03172,426,"2026-08-27 13:18:12",SLA-S4,901,1,RESOLVED,"2026-08-29 16:22:12"
TKT-1-202608-00229,427,"2026-08-04 09:45:07",SLA-S4,902,4,RESOLVED,"2026-08-06 16:59:07"
TKT-1-202608-03306,428,"2026-08-28 20:13:07",SLA-S4,903,0,RESOLVED,"2026-09-09 17:11:00"
TKT-1-202608-00014,431,"2026-08-01 11:46:34",SLA-S4,906,3,RESOLVED,"2026-08-03 10:44:34"
TKT-1-202608-01335,433,"2026-08-13 16:25:03",SLA-S4,908,0,RESOLVED,"2026-08-28 17:01:03"
TKT-1-202608-01268,435,"2026-08-13 12:19:30",SLA-S4,910,7,RESOLVED,"2026-08-17 15:58:30"
TKT-1-202608-00970,436,"2026-08-11 11:10:15",SLA-S4,911,1,RESOLVED,"2026-08-28 15:44:15"
TKT-1-202608-00184,438,"2026-08-03 16:37:49",SLA-S4,995,4,PENDING_WITH_FCI,"2026-09-12 10:42:00"
TKT-1-202608-00809,439,"2026-08-08 12:17:41",SLA-S4,1454,2,PENDING_WITH_FCI,"2026-09-12 10:40:41"
TKT-1-202608-03013,441,"2026-08-25 11:08:39",SLA-S4,852,3,RESOLVED,"2026-08-28 09:07:00"
TKT-1-202608-02558,443,"2026-08-22 15:13:42",SLA-S4,918,0,RESOLVED,"2026-09-07 15:30:42"
TKT-1-202608-02232,445,"2026-08-20 12:20:43",SLA-S4,920,8,PENDING_WITH_FCI,"2026-09-12 10:34:43"
TKT-1-202608-03128,445,"2026-08-27 10:47:22",SLA-S4,920,4,RESOLVED,"2026-08-28 09:43:22"
TKT-1-202608-02493,449,"2026-08-21 19:35:45",SLA-S4,1464,11,RESOLVED,"2026-09-09 12:22:00"
TKT-1-202608-02732,450,"2026-08-24 11:03:58",SLA-S4,925,5,RESOLVED,"2026-08-27 16:35:58"
TKT-1-202608-03428,453,"2026-08-31 15:56:03",SLA-S4,928,3,PENDING_WITH_REQUESTER,"2026-09-12 10:26:03"
TKT-1-202608-00575,456,"2026-08-06 14:06:05",SLA-S4,931,20,RESOLVED,"2026-08-08 16:07:05"
TKT-1-202608-01106,457,"2026-08-12 11:16:47",SLA-S4,932,0,PENDING_WITH_FCI,"2026-09-12 10:22:47"
TKT-1-202608-03293,460,"2026-08-28 17:14:55",SLA-S4,935,3,RESOLVED,"2026-08-31 16:34:55"
TKT-1-202608-01074,461,"2026-08-11 17:17:38",SLA-S4,936,7,PENDING_WITH_REQUESTER,"2026-09-12 10:18:38"
TKT-1-202608-00969,467,"2026-08-11 10:55:08",SLA-S4,942,0,RESOLVED,"2026-09-05 15:36:08"
TKT-1-202608-02490,469,"2026-08-21 19:11:59",SLA-S4,944,23,RESOLVED,"2026-08-25 16:42:00"
TKT-1-202608-00795,472,"2026-08-07 18:19:16",SLA-S4,947,8,RESOLVED,"2026-08-11 14:17:00"
TKT-1-202608-02382,473,"2026-08-21 10:00:43",SLA-S4,948,28,RESOLVED,"2026-08-24 14:22:43"
TKT-1-202608-00737,474,"2026-08-07 15:08:20",SLA-S4,949,9,RESOLVED,"2026-08-08 14:04:20"
TKT-1-202608-00051,476,"2026-08-01 15:31:00",SLA-S4,951,4,RESOLVED,"2026-08-10 09:01:00"
TKT-1-202608-02835,476,"2026-08-24 13:15:40",SLA-S4,951,56,CLOSED,"2026-08-25 15:22:40"
TKT-1-202608-01496,477,"2026-08-15 12:05:05",SLA-S4,952,9,RESOLVED,"2026-08-20 16:35:00"
TKT-1-202608-02009,477,"2026-08-18 17:36:47",SLA-S4,952,5,PENDING_WITH_REQUESTER,"2026-09-12 10:02:47"
TKT-1-202608-02032,478,"2026-08-18 19:29:10",SLA-S4,953,13,RESOLVED,"2026-08-22 13:38:00"
TKT-1-202608-02489,478,"2026-08-21 19:11:54",SLA-S4,953,23,PENDING_WITH_FCI,"2026-09-12 10:02:00"
TKT-1-202608-03091,481,"2026-08-25 20:25:07",SLA-S4,481,10,CLOSED,"2026-08-27 16:35:00"
TKT-1-202608-02405,490,"2026-08-21 12:34:57",SLA-S4,965,18,RESOLVED,"2026-08-29 16:28:57"
TKT-1-202608-03396,491,"2026-08-31 13:38:49",SLA-S4,966,1,RESOLVED,"2026-09-10 16:31:49"
TKT-1-202608-00882,492,"2026-08-10 13:11:13",SLA-S4,967,42,CLOSED,"2026-08-13 13:08:13"
TKT-1-202608-01054,496,"2026-08-11 15:48:30",SLA-S4,971,23,PENDING_WITH_REQUESTER,"2026-09-12 09:43:30"
TKT-1-202608-00046,498,"2026-08-01 14:53:44",SLA-S4,1159,8,CLOSED,"2026-08-18 15:25:00"
TKT-1-202608-03104,498,"2026-08-26 11:30:20",SLA-S4,583,12,RESOLVED,"2026-08-27 11:19:20"
TKT-1-202608-02536,501,"2026-08-22 13:22:54",SLA-S4,1253,29,RESOLVED,"2026-08-28 15:43:00"
TKT-1-202608-03405,513,"2026-08-31 14:28:10",SLA-S4,988,7,RESOLVED,"2026-09-08 15:00:10"
TKT-1-202608-00205,514,"2026-08-03 17:18:04",SLA-S4,989,1,RESOLVED,"2026-08-05 17:18:04"
TKT-1-202608-01774,514,"2026-08-18 11:28:20",SLA-S4,989,3,RESOLVED,"2026-08-21 09:08:20"
TKT-1-202608-01729,515,"2026-08-17 17:25:11",SLA-S4,1024,0,RESOLVED,"2026-09-08 14:32:00"
TKT-1-202608-00313,519,"2026-08-04 15:26:51",SLA-S4,994,4,RESOLVED,"2026-08-29 14:13:51"
TKT-1-202608-01488,520,"2026-08-15 09:39:06",SLA-S4,995,10,RESOLVED,"2026-08-17 17:45:00"
TKT-1-202608-02159,529,"2026-08-19 16:25:12",SLA-S4,1004,2,PENDING_WITH_REQUESTER,"2026-09-12 09:10:12"
TKT-1-202608-02993,534,"2026-08-24 19:46:12",SLA-S4,1009,23,CLOSED,"2026-08-27 10:45:00"
TKT-1-202608-02873,547,"2026-08-24 14:13:52",SLA-S4,1248,7,PENDING_WITH_REQUESTER,"2026-09-11 17:53:00"
TKT-1-202608-03288,549,"2026-08-28 16:34:56",SLA-S4,1024,2,RESOLVED,"2026-09-05 15:35:56"
TKT-1-202608-02452,553,"2026-08-21 15:41:58",SLA-S4,1028,29,PENDING_WITH_REQUESTER,"2026-09-11 17:46:58"
TKT-1-202608-02391,559,"2026-08-21 11:01:19",SLA-S4,1574,1,RESOLVED,"2026-08-24 17:34:19"
TKT-1-202608-01478,561,"2026-08-14 21:03:39",SLA-S4,561,19,PENDING_WITH_FCI,"2026-09-11 17:39:00"
TKT-1-202608-01991,562,"2026-08-18 16:58:52",SLA-S4,1037,12,RESOLVED,"2026-08-24 17:37:52"
TKT-1-202608-02001,571,"2026-08-18 17:22:27",SLA-S4,1046,7,CLOSED,"2026-08-19 17:28:27"
TKT-1-202608-03438,572,"2026-08-31 16:36:57",SLA-S4,1047,0,CLOSED,"2026-09-02 10:29:57"
TKT-1-202608-01278,573,"2026-08-13 12:55:43",SLA-S4,1048,56,RESOLVED,"2026-08-17 15:53:43"
TKT-1-202608-02187,575,"2026-08-19 18:46:48",SLA-S4,1050,1,RESOLVED,"2026-08-24 17:25:00"
TKT-1-202608-02537,576,"2026-08-22 13:23:05",SLA-S4,1327,29,RESOLVED,"2026-08-29 10:10:00"
TKT-1-202608-03234,576,"2026-08-28 09:30:14",SLA-S4,1051,2,RESOLVED,"2026-09-11 14:22:14"
TKT-1-202608-00189,589,"2026-08-03 16:43:04",SLA-S4,1140,2,PENDING_WITH_FCI,"2026-09-11 17:11:00"
TKT-1-202608-02722,592,"2026-08-24 10:30:45",SLA-S4,1067,2,RESOLVED,"2026-08-25 14:45:45"
TKT-1-202608-00812,593,"2026-08-08 13:18:20",SLA-S4,1068,0,RESOLVED,"2026-08-10 12:14:20"
TKT-1-202608-03384,595,"2026-08-31 11:23:02",SLA-S4,1070,4,RESOLVED,"2026-09-08 10:45:02"
TKT-1-202608-01509,601,"2026-08-15 15:28:29",SLA-S4,1464,17,RESOLVED,"2026-08-31 09:49:29"
TKT-1-202608-03108,601,"2026-08-26 12:30:49",SLA-S4,746,13,PENDING_WITH_REQUESTER,"2026-09-11 16:59:49"
TKT-1-202608-01376,604,"2026-08-14 11:47:22",SLA-S4,1079,10,CLOSED,"2026-08-19 10:49:22"
TKT-1-202608-01646,612,"2026-08-17 14:01:15",SLA-S4,1325,28,RESOLVED,"2026-09-08 13:01:00"
TKT-1-202608-00262,613,"2026-08-04 12:14:27",SLA-S4,1088,2,PENDING_WITH_FCI,"2026-09-11 16:46:27"
TKT-1-202608-00007,621,"2026-08-01 10:55:03",SLA-S4,1520,5,RESOLVED,"2026-08-05 16:07:00"
TKT-1-202608-02620,621,"2026-08-22 18:41:18",SLA-S4,1096,37,RESOLVED,"2026-09-07 15:39:00"
TKT-1-202608-00296,624,"2026-08-04 13:47:59",SLA-S4,1099,9,RESOLVED,"2026-08-22 12:47:59"
TKT-1-202608-03007,624,"2026-08-25 10:31:55",SLA-S4,1072,11,RESOLVED,"2026-08-27 09:11:00"
TKT-1-202608-02239,625,"2026-08-20 12:33:02",SLA-S4,1100,4,RESOLVED,"2026-08-27 15:14:02"
TKT-1-202608-03098,625,"2026-08-26 09:11:06",SLA-S4,625,11,RESOLVED,"2026-08-27 09:11:00"
TKT-1-202608-03099,625,"2026-08-26 09:14:21",SLA-S4,625,11,CLOSED,"2026-08-27 09:12:00"
TKT-1-202608-03090,626,"2026-08-25 20:12:55",SLA-S4,626,10,RESOLVED,"2026-08-27 09:10:00"
TKT-1-202608-01329,627,"2026-08-13 16:18:56",SLA-S4,1102,6,PENDING_WITH_REQUESTER,"2026-09-11 16:32:56"
TKT-1-202608-02448,627,"2026-08-21 15:15:44",SLA-S4,1102,1,PENDING_WITH_FCI,"2026-09-11 16:32:44"
TKT-1-202608-02997,627,"2026-08-24 20:07:59",SLA-S4,1102,23,CLOSED,"2026-08-27 15:10:00"
TKT-1-202608-03231,627,"2026-08-27 18:59:58",SLA-S4,1102,0,RESOLVED,"2026-09-07 11:19:00"
TKT-1-202608-03072,635,"2026-08-25 16:27:46",SLA-S4,727,11,RESOLVED,"2026-08-27 09:01:00"
TKT-1-202608-02597,644,"2026-08-22 17:13:28",SLA-S4,1119,6,CLOSED,"2026-08-24 16:15:28"
TKT-1-202608-02683,645,"2026-08-23 14:31:35",SLA-S4,1120,34,CLOSED,"2026-08-24 16:55:00"
TKT-1-202608-01487,650,"2026-08-15 09:35:32",SLA-S4,1125,10,RESOLVED,"2026-08-17 17:46:00"
TKT-1-202608-03029,651,"2026-08-25 12:29:23",SLA-S4,1126,5,CLOSED,"2026-09-07 10:41:23"
TKT-1-202608-00192,656,"2026-08-03 16:48:47",SLA-S4,1131,2,RESOLVED,"2026-08-10 14:10:47"
TKT-1-202608-00151,657,"2026-08-03 13:54:50",SLA-S4,1132,23,CLOSED,"2026-08-04 12:49:50"
TKT-1-202608-00764,672,"2026-08-07 16:11:12",SLA-S4,1147,1,PENDING_WITH_FCI,"2026-09-11 15:47:12"
TKT-1-202608-02692,676,"2026-08-23 15:41:07",SLA-S4,1151,38,RESOLVED,"2026-09-07 17:55:00"
TKT-1-202608-02252,677,"2026-08-20 12:56:30",SLA-S4,1152,1,RESOLVED,"2026-08-21 11:52:30"
TKT-1-202608-02533,678,"2026-08-22 13:01:18",SLA-S4,1153,50,RESOLVED,"2026-08-24 12:47:18"
TKT-1-202608-01489,680,"2026-08-15 09:50:24",SLA-S4,1155,18,CLOSED,"2026-08-17 17:14:00"
TKT-1-202608-02995,680,"2026-08-24 19:52:25",SLA-S4,1155,23,CLOSED,"2026-08-25 17:18:00"
TKT-1-202608-03368,681,"2026-08-29 20:47:15",SLA-S4,1156,0,CLOSED,"2026-08-31 16:55:00"
TKT-1-202608-02099,683,"2026-08-19 13:24:39",SLA-S4,1158,16,ASSIGNED,"2026-09-11 15:36:39"
TKT-1-202608-00372,684,"2026-08-04 21:35:09",SLA-S4,1159,31,PENDING_WITH_FCI,"2026-09-11 15:36:00"
TKT-1-202608-03407,686,"2026-08-31 14:29:15",SLA-S4,1161,6,PENDING_WITH_REQUESTER,"2026-09-11 15:33:15"
TKT-1-202608-00200,694,"2026-08-03 17:13:21",SLA-S4,1169,1,PENDING_WITH_FCI,"2026-09-11 15:25:21"
TKT-1-202608-02804,704,"2026-08-24 13:04:29",SLA-S4,1179,58,RESOLVED,"2026-08-25 12:03:29"
TKT-1-202608-03463,704,"2026-08-31 18:37:57",SLA-S4,1179,21,PENDING_WITH_REQUESTER,"2026-09-11 15:16:00"
TKT-1-202608-03314,719,"2026-08-29 10:40:29",SLA-S4,1194,2,RESOLVED,"2026-08-31 09:38:29"
TKT-1-202608-02781,721,"2026-08-24 13:01:16",SLA-S4,1196,22,PENDING_WITH_FCI,"2026-09-11 14:58:16"
TKT-1-202608-03043,727,"2026-08-25 14:04:19",SLA-S4,962,7,CLOSED,"2026-08-27 11:45:00"
TKT-1-202608-00458,733,"2026-08-05 15:30:39",SLA-S4,1208,8,PENDING_WITH_REQUESTER,"2026-09-11 14:46:39"
TKT-1-202608-01512,734,"2026-08-15 16:13:31",SLA-S4,1209,17,RESOLVED,"2026-08-17 17:13:00"
TKT-1-202608-01189,735,"2026-08-12 15:40:53",SLA-S4,1210,3,PENDING_WITH_FCI,"2026-09-11 14:44:53"
TKT-1-202608-00745,737,"2026-08-07 15:23:00",SLA-S4,1212,18,PENDING_WITH_FCI,"2026-09-11 14:43:00"
TKT-1-202608-03082,742,"2026-08-25 17:45:35",SLA-S4,756,9,RESOLVED,"2026-09-09 12:16:00"
TKT-1-202608-00329,743,"2026-08-04 16:45:49",SLA-S4,1218,3,CLOSED,"2026-08-05 17:11:49"
TKT-1-202608-03403,745,"2026-08-31 14:07:25",SLA-S4,1220,11,CLOSED,"2026-09-01 16:04:25"
TKT-1-202608-03074,750,"2026-08-25 16:57:16",SLA-S4,1225,5,RESOLVED,"2026-08-26 15:58:16"
TKT-1-202608-02412,752,"2026-08-21 13:10:11",SLA-S4,1227,6,RESOLVED,"2026-08-22 12:12:11"
TKT-1-202608-02215,754,"2026-08-20 11:39:25",SLA-S4,1229,0,RESOLVED,"2026-08-21 10:34:25"
TKT-1-202608-00247,761,"2026-08-04 11:37:35",SLA-S4,1236,2,RESOLVED,"2026-08-08 12:03:35"
TKT-1-202608-03444,765,"2026-08-31 16:57:43",SLA-S4,1240,0,PENDING_WITH_REQUESTER,"2026-09-11 14:14:43"
TKT-1-202608-03406,780,"2026-08-31 14:29:12",SLA-S4,1255,6,RESOLVED,"2026-09-07 13:59:12"
TKT-1-202608-00350,782,"2026-08-04 17:24:12",SLA-S4,1257,2,RESOLVED,"2026-08-21 13:21:12"
TKT-1-202608-03220,783,"2026-08-27 17:34:29",SLA-S4,1258,0,RESOLVED,"2026-09-07 11:48:29"
TKT-1-202608-01508,787,"2026-08-15 15:23:44",SLA-S4,1262,17,RESOLVED,"2026-08-18 10:12:00"
TKT-1-202608-02647,790,"2026-08-23 09:19:16",SLA-S4,1265,35,CLOSED,"2026-08-27 10:51:00"
TKT-1-202608-03315,803,"2026-08-29 10:56:10",SLA-S4,1278,5,RESOLVED,"2026-09-07 15:29:10"
TKT-1-202608-02534,805,"2026-08-22 13:20:40",SLA-S4,1559,31,RESOLVED,"2026-08-25 17:05:00"
TKT-1-202608-03359,810,"2026-08-29 17:14:24",SLA-S4,1285,8,RESOLVED,"2026-09-09 11:14:24"
TKT-1-202608-01522,811,"2026-08-15 19:10:11",SLA-S4,1286,17,RESOLVED,"2026-08-17 17:12:00"
TKT-1-202608-02691,811,"2026-08-23 15:36:33",SLA-S4,1286,33,RESOLVED,"2026-08-25 09:51:00"
TKT-1-202608-00145,816,"2026-08-03 13:25:33",SLA-S4,1291,16,RESOLVED,"2026-08-04 12:36:33"
TKT-1-202608-00949,818,"2026-08-10 18:40:16",SLA-S4,1293,3,RESOLVED,"2026-08-12 16:47:00"
TKT-1-202608-00585,827,"2026-08-06 14:56:31",SLA-S4,1302,10,PENDING_WITH_REQUESTER,"2026-09-11 13:12:31"
TKT-1-202608-00773,827,"2026-08-07 16:44:48",SLA-S4,1302,19,PENDING_WITH_FCI,"2026-09-11 13:12:48"
TKT-1-202608-01506,829,"2026-08-15 14:35:05",SLA-S4,1304,9,RESOLVED,"2026-08-17 17:04:00"
TKT-1-202608-03278,829,"2026-08-28 15:30:46",SLA-S4,1304,5,RESOLVED,"2026-09-07 12:50:46"
TKT-1-202608-00266,830,"2026-08-04 12:22:16",SLA-S4,1305,2,PENDING_WITH_FCI,"2026-09-11 13:09:16"
TKT-1-202608-00383,832,"2026-08-05 10:41:45",SLA-S4,1307,26,PENDING_WITH_FCI,"2026-09-11 13:07:45"
TKT-1-202608-02765,841,"2026-08-24 12:51:55",SLA-S4,1624,87,RESOLVED,"2026-09-05 17:52:00"
TKT-1-202608-03431,843,"2026-08-31 16:03:52",SLA-S4,1318,3,RESOLVED,"2026-09-01 14:58:52"
TKT-1-202608-03299,850,"2026-08-28 17:38:40",SLA-S4,1325,0,RESOLVED,"2026-08-29 16:34:40"
TKT-1-202608-03011,851,"2026-08-25 11:00:00",SLA-S4,1326,6,RESOLVED,"2026-08-26 12:49:00"
TKT-1-202608-02618,855,"2026-08-22 18:38:28",SLA-S4,1330,36,PENDING_WITH_REQUESTER,"2026-09-11 12:45:00"
TKT-1-202608-01721,862,"2026-08-17 17:01:27",SLA-S4,1337,14,RESOLVED,"2026-08-24 11:24:27"
TKT-1-202608-02923,870,"2026-08-24 16:41:36",SLA-S4,1423,4,CLOSED,"2026-08-28 17:37:00"
TKT-1-202608-00138,873,"2026-08-03 12:49:39",SLA-S4,1348,23,RESOLVED,"2026-08-05 10:20:39"
TKT-1-202608-01492,874,"2026-08-15 11:02:37",SLA-S4,1349,10,CLOSED,"2026-08-18 10:21:00"
TKT-1-202608-00364,875,"2026-08-04 18:14:10",SLA-S4,1350,30,RESOLVED,"2026-09-07 11:29:00"
TKT-1-202608-02411,882,"2026-08-21 13:02:14",SLA-S4,1357,2,PENDING_WITH_REQUESTER,"2026-09-11 12:17:14"
TKT-1-202608-03292,883,"2026-08-28 17:13:07",SLA-S4,1358,1,RESOLVED,"2026-08-29 16:09:07"
TKT-1-202608-02061,884,"2026-08-19 11:20:16",SLA-S4,1359,0,RESOLVED,"2026-08-22 14:04:16"
TKT-1-202608-00756,886,"2026-08-07 15:47:52",SLA-S4,1361,14,PENDING_WITH_FCI,"2026-09-11 12:13:52"
TKT-1-202608-03449,890,"2026-08-31 16:59:33",SLA-S4,1365,0,RESOLVED,"2026-09-08 13:17:33"
TKT-1-202608-03019,895,"2026-08-25 11:34:06",SLA-S4,1280,2,RESOLVED,"2026-09-07 13:18:00"
TKT-1-202608-01524,897,"2026-08-15 19:54:46",SLA-S4,1372,8,RESOLVED,"2026-08-31 14:09:00"
TKT-1-202608-00803,898,"2026-08-08 07:59:43",SLA-S4,1373,7,CLOSED,"2026-08-13 10:25:00"
TKT-1-202608-00417,902,"2026-08-05 12:44:30",SLA-S4,1377,7,RESOLVED,"2026-08-18 15:58:30"
TKT-1-202608-03261,904,"2026-08-28 13:02:34",SLA-S4,1379,2,ASSIGNED,"2026-09-11 11:55:34"
TKT-1-202608-00432,905,"2026-08-05 13:28:22",SLA-S4,1380,11,RESOLVED,"2026-08-08 09:02:22"
TKT-1-202608-01809,906,"2026-08-18 13:03:13",SLA-S4,1381,6,RESOLVED,"2026-09-10 10:16:13"
TKT-1-202608-00044,909,"2026-08-01 14:36:41",SLA-S4,1587,2,PENDING_WITH_REQUESTER,"2026-09-11 11:51:00"
TKT-1-202608-02672,913,"2026-08-23 13:21:32",SLA-S4,1928,41,CLOSED,"2026-08-31 13:01:00"
TKT-1-202608-01996,923,"2026-08-18 17:13:13",SLA-S4,1398,0,RESOLVED,"2026-08-25 09:04:13"
TKT-1-202608-02834,924,"2026-08-24 13:12:26",SLA-S4,1686,60,PENDING_WITH_FCI,"2026-09-11 11:36:00"
TKT-1-202608-01424,926,"2026-08-14 12:55:06",SLA-S4,1401,3,RESOLVED,"2026-08-19 14:23:06"
TKT-1-202608-02847,927,"2026-08-24 13:24:05",SLA-S4,1677,48,PENDING_WITH_FCI,"2026-09-11 11:33:00"
TKT-1-202608-03095,931,"2026-08-25 22:45:16",SLA-S4,931,11,RESOLVED,"2026-08-29 14:12:00"
TKT-1-202608-02485,934,"2026-08-21 18:21:19",SLA-S4,1409,24,PENDING_WITH_FCI,"2026-09-11 11:26:00"
TKT-1-202608-03308,936,"2026-08-29 09:30:37",SLA-S4,1411,23,RESOLVED,"2026-09-04 16:29:37"
TKT-1-202608-00193,944,"2026-08-03 16:49:13",SLA-S4,1489,1,PENDING_WITH_FCI,"2026-09-11 11:16:00"
TKT-1-202608-01503,946,"2026-08-15 13:59:41",SLA-S4,1421,9,RESOLVED,"2026-08-18 11:14:00"
TKT-1-202608-02636,950,"2026-08-22 22:42:48",SLA-S4,1965,19,RESOLVED,"2026-09-01 15:15:00"
TKT-1-202608-00026,955,"2026-08-01 12:52:11",SLA-S4,1737,4,RESOLVED,"2026-08-07 12:19:00"
TKT-1-202608-01248,958,"2026-08-13 11:39:34",SLA-S4,1433,0,RESOLVED,"2026-08-28 15:56:34"
TKT-1-202608-00940,963,"2026-08-10 17:41:04",SLA-S4,1438,11,PENDING_WITH_FCI,"2026-09-11 10:56:04"
TKT-1-202608-03073,969,"2026-08-25 16:38:22",SLA-S4,1050,1,RESOLVED,"2026-09-08 16:13:00"
TKT-1-202608-00682,971,"2026-08-07 11:37:02",SLA-S4,1986,3,RESOLVED,"2026-08-10 14:19:02"
TKT-1-202608-01767,973,"2026-08-18 10:44:43",SLA-S4,1448,3,RESOLVED,"2026-08-21 17:28:43"
TKT-1-202608-03325,977,"2026-08-29 11:52:58",SLA-S4,1452,2,RESOLVED,"2026-09-01 13:03:58"
TKT-1-202608-00019,978,"2026-08-01 12:19:52",SLA-S4,1453,0,RESOLVED,"2026-08-08 14:07:52"
TKT-1-202608-01515,981,"2026-08-15 17:37:59",SLA-S4,1456,8,RESOLVED,"2026-08-18 13:07:00"
TKT-1-202608-02688,981,"2026-08-23 15:05:14",SLA-S4,1456,33,RESOLVED,"2026-08-28 13:30:00"
TKT-1-202608-00017,985,"2026-08-01 12:07:39",SLA-S4,1460,4,CLOSED,"2026-08-06 15:22:39"
TKT-1-202608-01533,999,"2026-08-15 23:08:10",SLA-S4,1474,8,CLOSED,"2026-08-18 13:21:00"
TKT-1-202608-03232,1001,"2026-08-27 20:28:57",SLA-S4,1476,0,RESOLVED,"2026-09-01 16:38:00"
TKT-1-202608-02101,1002,"2026-08-19 13:28:16",SLA-S4,1477,13,RESOLVED,"2026-09-08 17:28:16"
TKT-1-202608-03178,1003,"2026-08-27 13:36:47",SLA-S4,1478,7,RESOLVED,"2026-09-04 15:29:47"
TKT-1-202608-01501,1005,"2026-08-15 12:46:54",SLA-S4,1480,9,RESOLVED,"2026-08-18 10:15:00"
TKT-1-202608-01326,1009,"2026-08-13 16:02:54",SLA-S4,1484,22,PENDING_WITH_REQUESTER,"2026-09-11 10:10:54"
TKT-1-202608-01495,1015,"2026-08-15 12:02:57",SLA-S4,1490,10,RESOLVED,"2026-08-17 16:55:00"
TKT-1-202608-03316,1023,"2026-08-29 10:59:05",SLA-S4,1498,2,CLOSED,"2026-08-31 09:56:05"
TKT-1-202608-01727,1028,"2026-08-17 17:19:51",SLA-S4,1503,5,PENDING_WITH_REQUESTER,"2026-09-11 09:51:51"
TKT-1-202608-03341,1028,"2026-08-29 13:57:32",SLA-S4,1503,13,PENDING_WITH_REQUESTER,"2026-09-11 09:51:32"
TKT-1-202608-02407,1031,"2026-08-21 12:43:05",SLA-S4,1506,12,RESOLVED,"2026-08-22 11:38:05"
TKT-1-202608-03301,1031,"2026-08-28 17:49:15",SLA-S4,1506,1,RESOLVED,"2026-09-01 11:56:15"
TKT-1-202608-00921,1034,"2026-08-10 15:46:41",SLA-S4,1642,11,RESOLVED,"2026-08-29 09:15:00"
TKT-1-202608-03392,1036,"2026-08-31 12:51:53",SLA-S4,1511,6,RESOLVED,"2026-09-01 11:46:53"
TKT-1-202608-01511,1039,"2026-08-15 16:00:43",SLA-S4,1514,8,RESOLVED,"2026-08-18 09:28:00"
TKT-1-202608-02535,1039,"2026-08-22 13:22:22",SLA-S4,1514,29,ASSIGNED,"2026-09-11 09:40:22"
TKT-1-202608-03335,1040,"2026-08-29 13:17:54",SLA-S4,1515,15,PENDING_WITH_FCI,"2026-09-11 09:39:54"
TKT-1-202608-01044,1042,"2026-08-11 15:35:04",SLA-S4,1517,0,RESOLVED,"2026-08-28 14:34:04"
TKT-1-202608-03198,1047,"2026-08-27 15:40:12",SLA-S4,1522,9,PENDING_WITH_FCI,"2026-09-11 09:32:12"
TKT-1-202608-01455,1049,"2026-08-14 16:32:57",SLA-S4,1524,0,RESOLVED,"2026-08-21 13:25:57"
TKT-1-202608-00275,1061,"2026-08-04 12:39:10",SLA-S4,1536,1,CLOSED,"2026-08-08 15:53:10"
TKT-1-202608-03224,1065,"2026-08-27 17:57:22",SLA-S4,1540,1,PENDING_WITH_REQUESTER,"2026-09-11 09:14:22"
TKT-1-202608-02694,1066,"2026-08-23 16:07:09",SLA-S4,1541,33,RESOLVED,"2026-08-29 11:52:00"
TKT-1-202608-01481,1067,"2026-08-14 21:26:35",SLA-S4,1067,19,PENDING_WITH_FCI,"2026-09-11 09:13:00"
TKT-1-202608-00066,1068,"2026-08-01 17:29:30",SLA-S4,1573,2,RESOLVED,"2026-08-04 14:49:00"
TKT-1-202608-00645,1083,"2026-08-06 17:39:56",SLA-S4,1558,3,CLOSED,"2026-08-07 16:34:56"
TKT-1-202608-02083,1085,"2026-08-19 12:39:03",SLA-S4,1560,5,PENDING_WITH_FCI,"2026-09-10 17:54:03"
TKT-1-202608-00420,1100,"2026-08-05 12:48:11",SLA-S4,1575,4,RESOLVED,"2026-08-08 15:29:11"
TKT-1-202608-01098,1102,"2026-08-12 10:56:01",SLA-S4,1577,4,PENDING_WITH_REQUESTER,"2026-09-10 17:37:01"
TKT-1-202608-02595,1107,"2026-08-22 17:12:56",SLA-S4,2122,6,CLOSED,"2026-08-25 16:14:56"
TKT-1-202608-01998,1111,"2026-08-18 17:18:33",SLA-S4,1586,11,RESOLVED,"2026-08-25 10:37:33"
TKT-1-202608-00378,1112,"2026-08-05 09:53:40",SLA-S4,1587,7,RESOLVED,"2026-09-10 11:30:40"
TKT-1-202608-03147,1118,"2026-08-27 12:00:24",SLA-S4,1593,5,RESOLVED,"2026-09-09 14:39:24"
TKT-1-202608-01493,1126,"2026-08-15 11:37:45",SLA-S4,1601,18,RESOLVED,"2026-08-17 17:14:00"
TKT-1-202608-03118,1128,"2026-08-26 17:40:13",SLA-S4,1583,15,RESOLVED,"2026-09-09 17:04:13"
TKT-1-202608-00021,1133,"2026-08-01 12:29:30",SLA-S4,1938,3,RESOLVED,"2026-08-03 16:58:00"
TKT-1-202608-01149,1146,"2026-08-12 13:50:06",SLA-S4,1621,15,PENDING_WITH_FCI,"2026-09-10 16:53:06"
TKT-1-202608-00938,1147,"2026-08-10 17:34:59",SLA-S4,1647,3,PENDING_WITH_REQUESTER,"2026-09-10 16:53:00"
TKT-1-202608-02650,1148,"2026-08-23 09:27:57",SLA-S4,2163,42,RESOLVED,"2026-08-29 16:04:00"
TKT-1-202608-00142,1149,"2026-08-03 13:12:56",SLA-S4,1911,0,RESOLVED,"2026-08-31 09:09:00"
TKT-1-202608-01195,1154,"2026-08-12 16:08:33",SLA-S4,1629,4,PENDING_WITH_REQUESTER,"2026-09-10 16:45:33"
TKT-1-202608-01167,1159,"2026-08-12 14:47:29",SLA-S4,1634,11,RESOLVED,"2026-08-14 09:45:29"
TKT-1-202608-00355,1161,"2026-08-04 17:44:46",SLA-S4,1636,3,PENDING_WITH_REQUESTER,"2026-09-10 16:38:46"
TKT-1-202608-00492,1168,"2026-08-05 17:59:26",SLA-S4,1643,0,CLOSED,"2026-08-19 12:50:26"
TKT-1-202608-02210,1175,"2026-08-20 11:28:31",SLA-S4,1650,10,PENDING_WITH_REQUESTER,"2026-09-10 16:24:31"
TKT-1-202608-02326,1176,"2026-08-20 16:33:12",SLA-S4,1651,6,RESOLVED,"2026-08-28 12:09:12"
TKT-1-202608-02561,1189,"2026-08-22 15:31:14",SLA-S4,2204,0,PENDING_WITH_REQUESTER,"2026-09-10 16:10:14"
TKT-1-202608-01349,1190,"2026-08-13 17:14:06",SLA-S4,1665,5,RESOLVED,"2026-08-17 16:09:06"
TKT-1-202608-00268,1194,"2026-08-04 12:24:01",SLA-S4,1669,0,PENDING_WITH_REQUESTER,"2026-09-10 16:05:01"
TKT-1-202608-02417,1203,"2026-08-21 13:19:30",SLA-S4,2218,16,RESOLVED,"2026-08-25 13:13:30"
TKT-1-202608-02422,1207,"2026-08-21 13:34:29",SLA-S4,2222,2,RESOLVED,"2026-08-25 13:07:29"
TKT-1-202608-01152,1211,"2026-08-12 13:58:09",SLA-S4,1686,6,PENDING_WITH_REQUESTER,"2026-09-10 15:48:09"
TKT-1-202608-02199,1222,"2026-08-20 10:52:43",SLA-S4,1697,0,RESOLVED,"2026-08-31 17:47:43"
TKT-1-202608-00784,1224,"2026-08-07 17:30:21",SLA-S4,1699,9,PENDING_WITH_FCI,"2026-09-10 15:35:21"
TKT-1-202608-03066,1230,"2026-08-25 15:37:11",SLA-S4,1372,2,PENDING_WITH_REQUESTER,"2026-09-10 15:30:00"
TKT-1-202608-01622,1236,"2026-08-17 12:54:37",SLA-S4,1711,1,RESOLVED,"2026-08-22 14:42:37"
TKT-1-202608-02280,1237,"2026-08-20 15:10:59",SLA-S4,1712,1,PENDING_WITH_REQUESTER,"2026-09-10 15:22:59"
TKT-1-202608-03100,1246,"2026-08-26 10:13:26",SLA-S4,1254,11,RESOLVED,"2026-09-03 13:26:26"
TKT-1-202608-02095,1254,"2026-08-19 13:17:46",SLA-S4,1729,22,RESOLVED,"2026-09-04 11:22:46"
TKT-1-202608-02216,1259,"2026-08-20 11:40:19",SLA-S4,1734,2,PENDING_WITH_REQUESTER,"2026-09-10 15:00:19"
TKT-1-202608-00169,1269,"2026-08-03 15:21:47",SLA-S4,1902,24,PENDING_WITH_FCI,"2026-09-10 14:51:00"
TKT-1-202608-01833,1274,"2026-08-18 14:10:34",SLA-S4,1749,1,PENDING_WITH_REQUESTER,"2026-09-10 14:45:34"
TKT-1-202608-03081,1286,"2026-08-25 17:35:53",SLA-S4,1310,7,RESOLVED,"2026-09-05 13:18:00"
TKT-1-202608-00822,1288,"2026-08-08 18:22:54",SLA-S4,1763,0,RESOLVED,"2026-08-17 14:32:00"
TKT-1-202608-03174,1318,"2026-08-27 13:20:00",SLA-S4,1793,1,RESOLVED,"2026-09-05 16:15:00"
TKT-1-202608-03355,1324,"2026-08-29 16:42:21",SLA-S4,1799,1,RESOLVED,"2026-08-31 15:38:21"
TKT-1-202608-00571,1325,"2026-08-06 13:49:37",SLA-S4,1800,37,PENDING_WITH_FCI,"2026-09-10 13:54:37"
TKT-1-202608-02467,1336,"2026-08-21 16:48:20",SLA-S4,1407,4,RESOLVED,"2026-08-24 16:24:00"
TKT-1-202608-03296,1351,"2026-08-28 17:24:47",SLA-S4,1826,3,PENDING_WITH_FCI,"2026-09-10 13:28:47"
TKT-1-202608-03270,1365,"2026-08-28 14:19:14",SLA-S4,1840,0,RESOLVED,"2026-08-29 13:14:14"
TKT-1-202608-02458,1368,"2026-08-21 16:09:52",SLA-S4,2383,1,PENDING_WITH_REQUESTER,"2026-09-10 13:11:52"
TKT-1-202608-03352,1377,"2026-08-29 16:12:43",SLA-S4,1852,2,RESOLVED,"2026-09-04 09:11:43"
TKT-1-202608-02386,1392,"2026-08-21 10:36:21",SLA-S4,1867,12,RESOLVED,"2026-09-04 12:47:21"
TKT-1-202608-02455,1394,"2026-08-21 16:00:47",SLA-S4,1869,10,PENDING_WITH_REQUESTER,"2026-09-10 12:45:47"
TKT-1-202608-02894,1394,"2026-08-24 15:22:36",SLA-S4,2026,6,PENDING_WITH_REQUESTER,"2026-09-10 12:46:00"
TKT-1-202608-00389,1396,"2026-08-05 11:21:44",SLA-S4,1871,0,PENDING_WITH_FCI,"2026-09-10 12:43:44"
TKT-1-202608-03344,1406,"2026-08-29 15:21:03",SLA-S4,1881,20,RESOLVED,"2026-08-31 14:17:03"
TKT-1-202608-02889,1416,"2026-08-24 15:05:01",SLA-S4,1891,5,CLOSED,"2026-09-05 12:05:01"
TKT-1-202608-03069,1425,"2026-08-25 15:49:52",SLA-S4,1555,4,PENDING_WITH_REQUESTER,"2026-09-10 12:15:00"
TKT-1-202608-00032,1427,"2026-08-01 13:17:11",SLA-S4,1902,0,RESOLVED,"2026-08-03 12:12:11"
TKT-1-202608-02059,1452,"2026-08-19 11:19:24",SLA-S4,1927,1,CLOSED,"2026-08-20 13:40:24"
TKT-1-202608-03274,1457,"2026-08-28 14:58:43",SLA-S4,1932,1,PENDING_WITH_REQUESTER,"2026-09-10 11:42:43"
TKT-1-202608-01105,1465,"2026-08-12 11:13:43",SLA-S4,1940,4,PENDING_WITH_FCI,"2026-09-10 11:34:43"
TKT-1-202608-01275,1474,"2026-08-13 12:49:50",SLA-S4,1949,62,RESOLVED,"2026-08-21 10:05:50"
TKT-1-202608-00871,1475,"2026-08-10 12:15:43",SLA-S4,2294,6,PENDING_WITH_FCI,"2026-09-10 11:25:00"
TKT-1-202608-01202,1475,"2026-08-12 16:28:04",SLA-S4,1950,7,CLOSED,"2026-08-27 16:23:04"
TKT-1-202608-00805,1485,"2026-08-08 09:20:08",SLA-S4,2479,27,RESOLVED,"2026-08-18 09:58:00"
TKT-1-202608-02401,1494,"2026-08-21 12:10:37",SLA-S4,2509,10,RESOLVED,"2026-08-24 12:40:37"
TKT-1-202608-02511,1495,"2026-08-22 11:02:27",SLA-S4,2387,1,RESOLVED,"2026-08-28 17:19:00"
TKT-1-202608-01542,1503,"2026-08-16 13:00:20",SLA-S4,2518,16,RESOLVED,"2026-08-24 16:51:00"
TKT-1-202608-02170,1507,"2026-08-19 17:10:32",SLA-S4,1982,7,RESOLVED,"2026-08-20 16:05:32"
TKT-1-202608-00910,1510,"2026-08-10 15:23:37",SLA-S4,2141,6,PENDING_WITH_FCI,"2026-09-10 10:50:00"
TKT-1-202608-02138,1515,"2026-08-19 15:20:12",SLA-S4,1990,4,PENDING_WITH_FCI,"2026-09-10 10:44:12"
TKT-1-202608-00748,1516,"2026-08-07 15:29:47",SLA-S4,1991,11,CLOSED,"2026-08-19 10:43:47"
TKT-1-202608-03071,1540,"2026-08-25 16:16:05",SLA-S4,1643,1,PENDING_WITH_FCI,"2026-09-10 10:20:00"
TKT-1-202608-01011,1554,"2026-08-11 13:28:10",SLA-S4,2029,18,RESOLVED,"2026-08-28 16:05:10"
TKT-1-202608-02265,1554,"2026-08-20 13:55:42",SLA-S4,2029,29,RESOLVED,"2026-08-25 17:59:42"
TKT-1-202608-03040,1587,"2026-08-25 13:31:57",SLA-S4,1855,12,RESOLVED,"2026-08-29 09:03:00"
TKT-1-202608-00287,1591,"2026-08-04 13:10:33",SLA-S4,2066,48,PENDING_WITH_FCI,"2026-09-10 09:28:33"
TKT-1-202608-02245,1596,"2026-08-20 12:44:24",SLA-S4,2071,12,RESOLVED,"2026-08-22 17:41:24"
TKT-1-202608-03109,1602,"2026-08-26 12:36:17",SLA-S4,1753,13,PENDING_WITH_REQUESTER,"2026-09-10 09:18:17"
TKT-1-202608-01010,1604,"2026-08-11 13:24:16",SLA-S4,2079,22,RESOLVED,"2026-08-28 12:56:16"
TKT-1-202608-00577,1605,"2026-08-06 14:16:27",SLA-S4,2080,9,CLOSED,"2026-08-27 16:50:27"
TKT-1-202608-02134,1625,"2026-08-19 15:17:33",SLA-S4,2100,7,PENDING_WITH_FCI,"2026-09-09 17:54:33"
TKT-1-202608-02426,1631,"2026-08-21 13:42:51",SLA-S4,2646,7,RESOLVED,"2026-08-31 11:26:51"
TKT-1-202608-02230,1641,"2026-08-20 12:18:39",SLA-S4,2116,10,PENDING_WITH_FCI,"2026-09-09 17:38:39"
TKT-1-202608-02105,1644,"2026-08-19 13:42:30",SLA-S4,2119,1,PENDING_WITH_FCI,"2026-09-09 17:35:30"
TKT-1-202608-00134,1650,"2026-08-03 12:40:44",SLA-S4,2125,2,RESOLVED,"2026-08-11 11:38:44"
TKT-1-202608-02351,1652,"2026-08-20 17:30:40",SLA-S4,2127,5,RESOLVED,"2026-09-04 09:56:40"
TKT-1-202608-02165,1656,"2026-08-19 16:37:58",SLA-S4,2131,3,PENDING_WITH_FCI,"2026-09-09 17:23:58"
TKT-1-202608-03195,1662,"2026-08-27 15:24:29",SLA-S4,2137,3,CLOSED,"2026-09-02 14:27:29"
TKT-1-202608-03410,1662,"2026-08-31 14:47:33",SLA-S4,2137,0,PENDING_WITH_REQUESTER,"2026-09-09 17:17:33"
TKT-1-202608-02284,1665,"2026-08-20 15:35:31",SLA-S4,2140,4,RESOLVED,"2026-08-29 15:05:31"
TKT-1-202608-00040,1666,"2026-08-01 14:21:20",SLA-S4,2359,6,CLOSED,"2026-08-04 16:47:00"
TKT-1-202608-00352,1682,"2026-08-04 17:31:52",SLA-S4,2157,1,CLOSED,"2026-08-12 16:57:52"
TKT-1-202608-02366,1684,"2026-08-20 18:04:51",SLA-S4,2159,19,RESOLVED,"2026-08-21 16:56:00"
TKT-1-202608-01964,1705,"2026-08-18 15:32:51",SLA-S4,2180,6,PENDING_WITH_FCI,"2026-09-09 16:34:51"
TKT-1-202608-03094,1715,"2026-08-25 21:57:27",SLA-S4,1715,10,PENDING_WITH_REQUESTER,"2026-09-09 16:25:00"
TKT-1-202608-01684,1718,"2026-08-17 15:50:29",SLA-S4,2193,4,RESOLVED,"2026-08-20 15:18:29"
TKT-1-202608-00611,1732,"2026-08-06 15:45:12",SLA-S4,2207,2,ASSIGNED,"2026-09-09 16:07:12"
TKT-1-202608-02394,1749,"2026-08-21 11:06:41",SLA-S4,2764,5,RESOLVED,"2026-09-03 17:51:41"
TKT-1-202608-02269,1768,"2026-08-20 14:15:27",SLA-S4,2243,10,RESOLVED,"2026-09-07 13:26:27"
TKT-1-202608-02207,1776,"2026-08-20 11:27:05",SLA-S4,2251,12,PENDING_WITH_REQUESTER,"2026-09-09 16:28:05"
TKT-1-202608-00052,1798,"2026-08-01 15:37:39",SLA-S4,2273,10,RESOLVED,"2026-08-20 13:50:39"
TKT-1-202608-02257,1807,"2026-08-20 13:28:03",SLA-S4,2282,23,RESOLVED,"2026-09-07 13:45:03"
TKT-1-202608-03049,1837,"2026-08-25 15:17:49",SLA-S4,1999,4,RESOLVED,"2026-09-03 13:04:00"
TKT-1-202608-02904,1838,"2026-08-24 15:59:26",SLA-S4,2313,5,RESOLVED,"2026-08-29 15:52:26"
TKT-1-202608-01012,1842,"2026-08-11 13:31:05",SLA-S4,2317,15,PENDING_WITH_REQUESTER,"2026-09-09 14:17:05"
TKT-1-202608-00690,1866,"2026-08-07 11:52:01",SLA-S4,2341,9,PENDING_WITH_FCI,"2026-09-09 13:53:01"
TKT-1-202608-02250,1866,"2026-08-20 12:55:32",SLA-S4,2341,2,PENDING_WITH_REQUESTER,"2026-09-09 13:53:32"
TKT-1-202608-00054,1869,"2026-08-01 15:58:15",SLA-S4,2344,11,RESOLVED,"2026-08-03 15:05:15"
TKT-1-202608-01311,1872,"2026-08-13 15:00:38",SLA-S4,2347,3,RESOLVED,"2026-08-21 10:22:38"
TKT-1-202608-01819,1878,"2026-08-18 13:36:06",SLA-S4,2353,11,RESOLVED,"2026-08-28 17:25:06"
TKT-1-202608-00373,1927,"2026-08-04 21:39:29",SLA-S4,2402,31,PENDING_WITH_FCI,"2026-09-09 12:53:00"
TKT-1-202608-02181,1942,"2026-08-19 17:50:02",SLA-S4,2417,1,RESOLVED,"2026-09-03 14:37:02"
TKT-1-202608-02065,1943,"2026-08-19 11:50:27",SLA-S4,2418,3,PENDING_WITH_REQUESTER,"2026-09-09 12:36:27"
TKT-1-202608-01285,1951,"2026-08-13 13:18:21",SLA-S4,2426,33,ASSIGNED,"2026-09-09 12:28:21"
TKT-1-202608-03185,1953,"2026-08-27 14:20:24",SLA-S4,2428,8,RESOLVED,"2026-09-04 12:26:24"
TKT-1-202608-03424,1957,"2026-08-31 15:37:35",SLA-S4,2432,8,ASSIGNED,"2026-09-09 12:22:35"
TKT-1-202608-02221,1958,"2026-08-20 11:49:58",SLA-S4,2433,3,RESOLVED,"2026-09-07 12:05:58"
TKT-1-202608-01697,1960,"2026-08-17 16:15:02",SLA-S4,2435,9,RESOLVED,"2026-09-03 17:20:02"
TKT-1-202608-03212,1977,"2026-08-27 16:54:14",SLA-S4,2452,2,PENDING_WITH_REQUESTER,"2026-09-09 12:02:14"
TKT-1-202608-03321,1991,"2026-08-29 11:40:55",SLA-S4,2466,1,CLOSED,"2026-09-07 13:47:55"
TKT-1-202608-00351,1996,"2026-08-04 17:28:31",SLA-S4,2471,5,PENDING_WITH_FCI,"2026-09-09 11:43:31"
TKT-1-202608-00994,2000,"2026-08-11 12:43:42",SLA-S4,2475,0,PENDING_WITH_REQUESTER,"2026-09-09 11:39:42"
TKT-1-202608-02027,2001,"2026-08-18 18:52:38",SLA-S4,2476,13,PENDING_WITH_REQUESTER,"2026-09-09 11:39:00"
TKT-1-202608-00235,2012,"2026-08-04 10:53:11",SLA-S4,2487,8,PENDING_WITH_FCI,"2026-09-09 11:27:11"
TKT-1-202608-01112,2025,"2026-08-12 11:40:07",SLA-S4,2500,2,PENDING_WITH_REQUESTER,"2026-09-09 11:14:07"
TKT-1-202608-03035,2028,"2026-08-25 12:55:16",SLA-S4,2332,2,ASSIGNED,"2026-09-09 11:12:00"
TKT-1-202608-03155,2036,"2026-08-27 12:15:53",SLA-S4,2511,4,RESOLVED,"2026-09-04 09:47:53"
TKT-1-202608-03032,2040,"2026-08-25 12:34:58",SLA-S4,2365,1,ASSIGNED,"2026-09-09 11:00:00"
TKT-1-202608-01630,2053,"2026-08-17 13:10:45",SLA-S4,2528,45,RESOLVED,"2026-08-21 17:29:45"
TKT-1-202608-03378,2059,"2026-08-30 18:52:24",SLA-S4,2534,0,ASSIGNED,"2026-09-09 10:41:00"
TKT-1-202608-03001,2064,"2026-08-24 22:16:11",SLA-S4,2539,22,RESOLVED,"2026-09-03 09:23:00"
TKT-1-202608-02017,2068,"2026-08-18 18:17:38",SLA-S4,2543,11,RESOLVED,"2026-08-21 17:56:00"
TKT-1-202608-03452,2080,"2026-08-31 17:06:29",SLA-S4,2555,11,ASSIGNED,"2026-09-09 10:19:29"
TKT-1-202608-00030,2094,"2026-08-01 13:11:56",SLA-S4,2569,5,RESOLVED,"2026-08-03 12:12:56"
TKT-1-202608-02177,2114,"2026-08-19 17:29:16",SLA-S4,2589,0,RESOLVED,"2026-08-25 17:26:16"
TKT-1-202608-03307,2118,"2026-08-29 09:10:25",SLA-S4,2593,43,RESOLVED,"2026-09-02 14:49:25"
TKT-1-202608-02339,2158,"2026-08-20 17:17:58",SLA-S4,2633,0,RESOLVED,"2026-09-03 09:01:58"
TKT-1-202608-01491,2172,"2026-08-15 10:42:31",SLA-S4,2749,18,RESOLVED,"2026-09-02 15:36:31"
TKT-1-202608-00107,2181,"2026-08-03 11:26:08",SLA-S4,3049,0,PENDING_WITH_FCI,"2026-09-08 17:39:00"
TKT-1-202608-02212,2191,"2026-08-20 11:31:47",SLA-S4,2666,7,PENDING_WITH_REQUESTER,"2026-09-08 17:28:47"
TKT-1-202608-02206,2217,"2026-08-20 11:26:02",SLA-S4,2692,13,RESOLVED,"2026-09-04 15:32:02"
TKT-1-202608-01756,2224,"2026-08-17 19:23:43",SLA-S4,2699,13,PENDING_WITH_REQUESTER,"2026-09-08 16:56:00"
TKT-1-202608-02436,2247,"2026-08-21 14:33:26",SLA-S4,2722,0,RESOLVED,"2026-09-03 16:09:26"
TKT-1-202608-03016,2259,"2026-08-25 11:28:13",SLA-S4,2650,3,PENDING_WITH_FCI,"2026-09-08 16:21:00"
TKT-1-202608-00815,2264,"2026-08-08 15:27:50",SLA-S4,2739,0,RESOLVED,"2026-08-10 14:22:50"
TKT-1-202608-01383,2267,"2026-08-14 12:16:19",SLA-S4,2742,9,PENDING_WITH_REQUESTER,"2026-09-08 16:12:19"
TKT-1-202608-00990,2274,"2026-08-11 12:36:39",SLA-S4,2749,6,RESOLVED,"2026-08-13 13:22:39"
TKT-1-202608-00059,2275,"2026-08-01 16:34:28",SLA-S4,3290,10,RESOLVED,"2026-08-25 16:03:28"
TKT-1-202608-01631,2281,"2026-08-17 13:11:37",SLA-S4,2756,44,PENDING_WITH_FCI,"2026-09-08 15:58:37"
TKT-1-202608-00711,2285,"2026-08-07 13:39:06",SLA-S4,3300,10,PENDING_WITH_FCI,"2026-09-08 15:54:06"
TKT-1-202608-03101,2289,"2026-08-26 10:33:30",SLA-S4,2317,12,RESOLVED,"2026-09-03 10:16:30"
TKT-1-202608-03221,2366,"2026-08-27 17:34:50",SLA-S4,2841,0,PENDING_WITH_FCI,"2026-09-08 14:33:50"
TKT-1-202608-02184,2367,"2026-08-19 17:56:18",SLA-S4,2842,2,RESOLVED,"2026-09-02 16:33:18"
TKT-1-202608-02106,2385,"2026-08-19 13:51:07",SLA-S4,2860,3,PENDING_WITH_REQUESTER,"2026-09-08 14:14:07"
TKT-1-202608-02152,2389,"2026-08-19 16:03:05",SLA-S4,2864,7,PENDING_WITH_REQUESTER,"2026-09-08 14:10:05"
TKT-1-202608-02435,2428,"2026-08-21 14:31:50",SLA-S4,3443,1,PENDING_WITH_FCI,"2026-09-08 13:31:50"
TKT-1-202608-03290,2429,"2026-08-28 16:45:05",SLA-S4,2904,1,RESOLVED,"2026-09-04 11:45:05"
TKT-1-202608-00106,2436,"2026-08-03 11:21:11",SLA-S4,3309,5,PENDING_WITH_FCI,"2026-09-08 13:24:00"
TKT-1-202608-02408,2436,"2026-08-21 12:58:40",SLA-S4,3451,5,PENDING_WITH_REQUESTER,"2026-09-08 13:23:40"
TKT-1-202608-02149,2439,"2026-08-19 15:51:05",SLA-S4,2914,7,RESOLVED,"2026-09-03 16:10:05"
TKT-1-202608-02174,2440,"2026-08-19 17:21:08",SLA-S4,2915,3,RESOLVED,"2026-09-02 12:18:08"
TKT-1-202608-02278,2449,"2026-08-20 14:53:17",SLA-S4,2924,4,PENDING_WITH_FCI,"2026-09-08 13:10:17"
TKT-1-202608-03289,2479,"2026-08-28 16:41:40",SLA-S4,2954,4,RESOLVED,"2026-08-29 15:37:40"
TKT-1-202608-01635,2495,"2026-08-17 13:32:49",SLA-S4,2970,22,RESOLVED,"2026-08-25 15:03:49"
TKT-1-202608-01296,2501,"2026-08-13 13:23:54",SLA-S4,2976,27,ASSIGNED,"2026-09-08 12:18:54"
TKT-1-202608-03160,2504,"2026-08-27 12:38:44",SLA-S4,2979,3,PENDING_WITH_REQUESTER,"2026-09-08 12:15:44"
TKT-1-202608-01204,2520,"2026-08-12 16:45:13",SLA-S4,2995,2,RESOLVED,"2026-09-03 09:58:13"
TKT-1-202608-01183,2531,"2026-08-12 15:28:25",SLA-S4,3006,16,PENDING_WITH_REQUESTER,"2026-09-08 11:48:25"
TKT-1-202608-03190,2557,"2026-08-27 14:49:43",SLA-S4,3032,3,PENDING_WITH_FCI,"2026-09-08 11:22:43"
TKT-1-202608-00384,2558,"2026-08-05 10:58:34",SLA-S4,3033,9,RESOLVED,"2026-09-03 11:21:34"
TKT-1-202608-03298,2560,"2026-08-28 17:31:14",SLA-S4,3035,0,RESOLVED,"2026-09-01 13:04:14"
TKT-1-202608-01125,2568,"2026-08-12 12:37:17",SLA-S4,3043,8,PENDING_WITH_REQUESTER,"2026-09-08 11:11:17"
TKT-1-202608-02164,2575,"2026-08-19 16:34:20",SLA-S4,3050,0,RESOLVED,"2026-09-02 13:03:20"
TKT-1-202608-02038,2589,"2026-08-19 00:24:44",SLA-S4,3064,12,PENDING_WITH_REQUESTER,"2026-09-08 10:51:00"
TKT-1-202608-00402,2591,"2026-08-05 12:06:23",SLA-S4,3066,3,RESOLVED,"2026-09-07 09:56:23"
TKT-1-202608-00341,2602,"2026-08-04 17:08:52",SLA-S4,3077,1,RESOLVED,"2026-09-01 16:30:52"
TKT-1-202608-00838,2624,"2026-08-10 10:56:05",SLA-S4,3099,13,PENDING_WITH_FCI,"2026-09-08 10:15:05"
TKT-1-202608-02385,2630,"2026-08-21 10:18:59",SLA-S4,3105,10,RESOLVED,"2026-08-24 15:11:59"
TKT-1-202608-00785,2631,"2026-08-07 17:47:13",SLA-S4,3106,2,RESOLVED,"2026-08-12 13:56:13"
TKT-1-202608-02756,2640,"2026-08-24 12:10:20",SLA-S4,3464,4,RESOLVED,"2026-09-03 10:00:00"
TKT-1-202608-02671,2646,"2026-08-23 13:14:20",SLA-S4,3661,41,ASSIGNED,"2026-09-08 09:54:00"
TKT-1-202608-01469,2670,"2026-08-14 19:13:08",SLA-S4,2670,19,PENDING_WITH_REQUESTER,"2026-09-08 09:30:00"
TKT-1-202608-03266,2672,"2026-08-28 13:11:25",SLA-S4,3147,6,PENDING_WITH_FCI,"2026-09-08 09:27:25"
TKT-1-202608-03205,2688,"2026-08-27 16:09:13",SLA-S4,3163,1,PENDING_WITH_FCI,"2026-09-08 09:11:13"
TKT-1-202608-03092,2689,"2026-08-25 20:26:04",SLA-S4,2689,10,RESOLVED,"2026-08-27 09:11:00"
TKT-1-202608-01997,2695,"2026-08-18 17:18:00",SLA-S4,3170,12,PENDING_WITH_REQUESTER,"2026-09-08 09:05:00"
TKT-1-202608-01813,2717,"2026-08-18 13:17:04",SLA-S4,3192,4,RESOLVED,"2026-08-21 10:04:04"
TKT-1-202608-03345,2719,"2026-08-29 15:27:51",SLA-S4,3194,14,RESOLVED,"2026-09-04 11:17:51"
TKT-1-202608-01980,2734,"2026-08-18 16:49:59",SLA-S4,3209,21,PENDING_WITH_REQUESTER,"2026-09-07 17:25:59"
TKT-1-202608-03132,2747,"2026-08-27 11:04:30",SLA-S4,3222,2,CLOSED,"2026-08-28 09:59:30"
TKT-1-202608-03450,2748,"2026-08-31 17:02:02",SLA-S4,3223,1,ASSIGNED,"2026-09-07 17:11:02"
TKT-1-202608-03226,2758,"2026-08-27 18:11:46",SLA-S4,3233,0,ASSIGNED,"2026-09-07 17:02:00"
TKT-1-202608-02144,2759,"2026-08-19 15:37:13",SLA-S4,3234,3,PENDING_WITH_REQUESTER,"2026-09-07 17:00:13"
TKT-1-202608-02432,2766,"2026-08-21 14:17:34",SLA-S4,3241,10,CLOSED,"2026-08-24 09:40:34"
TKT-1-202608-03466,2775,"2026-08-31 19:45:57",SLA-S4,3250,21,PENDING_WITH_REQUESTER,"2026-09-07 16:45:00"
TKT-1-202608-02977,2790,"2026-08-24 17:50:30",SLA-S4,3265,7,PENDING_WITH_REQUESTER,"2026-09-07 16:29:30"
TKT-1-202608-00824,2792,"2026-08-09 07:55:32",SLA-S4,3807,0,RESOLVED,"2026-09-01 12:55:00"
TKT-1-202608-02273,2792,"2026-08-20 14:32:13",SLA-S4,3267,9,RESOLVED,"2026-09-01 15:43:13"
TKT-1-202608-02504,2795,"2026-08-22 10:46:12",SLA-S4,3810,10,ASSIGNED,"2026-09-07 16:24:12"
TKT-1-202608-00552,2797,"2026-08-06 12:59:51",SLA-S4,3272,6,RESOLVED,"2026-09-07 12:33:51"
TKT-1-202608-03137,2832,"2026-08-27 11:22:07",SLA-S4,3307,11,RESOLVED,"2026-09-05 14:04:07"
TKT-1-202608-01034,2841,"2026-08-11 14:52:40",SLA-S4,3316,1,PENDING_WITH_FCI,"2026-09-07 15:38:40"
TKT-1-202608-01272,2842,"2026-08-13 12:49:13",SLA-S4,3317,63,RESOLVED,"2026-08-17 09:49:13"
TKT-1-202608-02072,2842,"2026-08-19 12:08:31",SLA-S4,3317,3,RESOLVED,"2026-08-25 13:49:31"
TKT-1-202608-02182,2854,"2026-08-19 17:54:07",SLA-S4,3329,4,RESOLVED,"2026-09-01 17:26:07"
TKT-1-202608-01363,2855,"2026-08-14 10:38:18",SLA-S4,3330,7,RESOLVED,"2026-08-19 17:33:18"
TKT-1-202608-02457,2856,"2026-08-21 16:07:37",SLA-S4,3331,3,PENDING_WITH_REQUESTER,"2026-09-07 15:23:37"
TKT-1-202608-02016,2866,"2026-08-18 18:16:35",SLA-S4,3341,13,PENDING_WITH_REQUESTER,"2026-09-07 15:14:00"
TKT-1-202608-01099,2873,"2026-08-12 11:02:36",SLA-S4,3348,15,RESOLVED,"2026-08-20 11:13:36"
TKT-1-202608-01972,2875,"2026-08-18 16:09:06",SLA-S4,3350,11,PENDING_WITH_REQUESTER,"2026-09-07 15:04:06"
TKT-1-202608-01498,2889,"2026-08-15 12:15:18",SLA-S4,3364,9,RESOLVED,"2026-08-18 09:10:00"
TKT-1-202608-01711,2905,"2026-08-17 16:43:52",SLA-S4,3456,33,PENDING_WITH_REQUESTER,"2026-09-07 14:35:00"
TKT-1-202608-03433,2911,"2026-08-31 16:08:31",SLA-S4,3386,3,ASSIGNED,"2026-09-07 14:28:31"
TKT-1-202608-03182,2920,"2026-08-27 14:05:17",SLA-S4,3395,4,RESOLVED,"2026-08-31 17:15:17"
TKT-1-202608-02377,2931,"2026-08-20 19:23:10",SLA-S4,3406,18,RESOLVED,"2026-08-24 16:10:00"
TKT-1-202608-00568,2935,"2026-08-06 13:35:50",SLA-S4,3410,9,PENDING_WITH_FCI,"2026-09-07 14:04:50"
TKT-1-202608-03151,2952,"2026-08-27 12:08:24",SLA-S4,3427,4,RESOLVED,"2026-08-28 11:04:24"
TKT-1-202608-03219,2956,"2026-08-27 17:28:19",SLA-S4,3431,0,PENDING_WITH_REQUESTER,"2026-09-07 13:43:19"
TKT-1-202608-02319,2967,"2026-08-20 16:16:11",SLA-S4,3442,1,RESOLVED,"2026-08-27 15:20:11"
TKT-1-202608-03302,2971,"2026-08-28 17:51:20",SLA-S4,3446,2,PENDING_WITH_REQUESTER,"2026-09-07 13:28:20"
TKT-1-202608-01578,2984,"2026-08-17 11:19:14",SLA-S4,3459,17,RESOLVED,"2026-08-31 11:52:14"
TKT-1-202608-03399,3001,"2026-08-31 13:57:02",SLA-S4,3476,9,ASSIGNED,"2026-09-07 12:58:02"
TKT-1-202608-00076,3016,"2026-08-01 19:49:56",SLA-S4,3491,7,RESOLVED,"2026-08-08 15:49:00"
TKT-1-202608-01820,3025,"2026-08-18 13:38:30",SLA-S4,3500,8,RESOLVED,"2026-08-19 12:34:30"
TKT-1-202608-01354,3030,"2026-08-13 17:46:42",SLA-S4,3505,3,RESOLVED,"2026-08-22 15:59:42"
TKT-1-202608-02264,3031,"2026-08-20 13:55:36",SLA-S4,3506,29,RESOLVED,"2026-09-04 15:53:36"
TKT-1-202608-02363,3056,"2026-08-20 17:59:34",SLA-S4,3531,19,PENDING_WITH_REQUESTER,"2026-09-07 12:03:34"
TKT-1-202608-01787,3077,"2026-08-18 11:55:09",SLA-S4,3552,15,RESOLVED,"2026-08-22 16:43:09"
TKT-1-202608-01700,3086,"2026-08-17 16:23:33",SLA-S4,3657,1,RESOLVED,"2026-08-25 09:24:00"
TKT-1-202608-01193,3089,"2026-08-12 16:01:03",SLA-S4,3564,5,RESOLVED,"2026-09-01 10:30:03"
TKT-1-202608-01567,3120,"2026-08-17 11:07:39",SLA-S4,4007,6,RESOLVED,"2026-09-05 10:51:00"
TKT-1-202608-02229,3127,"2026-08-20 12:15:53",SLA-S4,3602,13,PENDING_WITH_FCI,"2026-09-07 10:52:53"
TKT-1-202608-01752,3130,"2026-08-17 18:13:39",SLA-S4,3605,11,RESOLVED,"2026-09-01 10:19:00"
TKT-1-202608-01826,3168,"2026-08-18 13:47:54",SLA-S4,3643,0,RESOLVED,"2026-09-03 16:25:54"
TKT-1-202608-01777,3185,"2026-08-18 11:34:09",SLA-S4,3660,2,RESOLVED,"2026-09-02 17:29:09"
TKT-1-202608-00535,3196,"2026-08-06 12:11:24",SLA-S4,3671,0,RESOLVED,"2026-09-01 15:09:24"
TKT-1-202608-00413,3199,"2026-08-05 12:42:54",SLA-S4,3674,7,PENDING_WITH_REQUESTER,"2026-09-07 09:40:54"
TKT-1-202608-01463,3276,"2026-08-14 18:40:29",SLA-S4,3751,20,RESOLVED,"2026-08-19 16:38:00"
TKT-1-202608-00674,3281,"2026-08-07 10:12:13",SLA-S4,4296,6,PENDING_WITH_REQUESTER,"2026-09-05 17:18:13"
TKT-1-202608-02372,3288,"2026-08-20 18:30:34",SLA-S4,3763,19,PENDING_WITH_REQUESTER,"2026-09-05 17:12:00"
TKT-1-202608-03439,3322,"2026-08-31 16:39:29",SLA-S4,3797,2,ASSIGNED,"2026-09-05 17:53:29"
TKT-1-202608-00357,3333,"2026-08-04 17:51:18",SLA-S4,3808,3,RESOLVED,"2026-09-02 13:44:18"
TKT-1-202608-02740,3401,"2026-08-24 11:15:09",SLA-S4,3876,12,RESOLVED,"2026-08-31 13:04:09"
TKT-1-202608-03093,3405,"2026-08-25 21:39:19",SLA-S4,3405,10,PENDING_WITH_FCI,"2026-09-05 15:15:00"
TKT-1-202608-02679,3465,"2026-08-23 14:12:26",SLA-S4,4480,41,PENDING_WITH_REQUESTER,"2026-09-05 14:15:00"
TKT-1-202608-03358,3524,"2026-08-29 17:12:08",SLA-S4,3999,10,RESOLVED,"2026-09-04 11:30:08"
TKT-1-202608-02552,3556,"2026-08-22 15:06:33",SLA-S4,4571,7,RESOLVED,"2026-09-03 10:04:33"
TKT-1-202608-03426,3597,"2026-08-31 15:47:44",SLA-S4,4072,8,RESOLVED,"2026-09-02 14:26:44"
TKT-1-202608-03469,3598,"2026-08-31 23:39:52",SLA-S4,4073,21,ASSIGNED,"2026-09-05 12:02:00"
TKT-1-202608-02387,3599,"2026-08-21 10:47:04",SLA-S4,4074,1,RESOLVED,"2026-08-22 12:32:04"
TKT-1-202608-00678,3600,"2026-08-07 11:02:31",SLA-S4,4615,18,RESOLVED,"2026-08-21 16:54:31"
TKT-1-202608-00759,3607,"2026-08-07 15:58:41",SLA-S4,4082,5,RESOLVED,"2026-08-18 17:33:41"
TKT-1-202608-00159,3613,"2026-08-03 14:30:39",SLA-S4,4297,13,PENDING_WITH_REQUESTER,"2026-09-05 11:47:00"
TKT-1-202608-00686,3619,"2026-08-07 11:41:46",SLA-S4,4634,1,CLOSED,"2026-09-01 10:31:46"
TKT-1-202608-03009,3622,"2026-08-25 10:39:42",SLA-S4,4062,3,RESOLVED,"2026-09-04 16:52:00"
TKT-1-202608-02464,3633,"2026-08-21 16:35:09",SLA-S4,4648,1,PENDING_WITH_FCI,"2026-09-05 11:26:09"
TKT-1-202608-00029,3646,"2026-08-01 13:10:34",SLA-S4,4121,6,RESOLVED,"2026-08-04 09:00:34"
TKT-1-202608-00090,3673,"2026-08-03 09:52:45",SLA-S4,4148,13,RESOLVED,"2026-08-08 09:56:45"
TKT-1-202608-02396,3711,"2026-08-21 11:21:21",SLA-S4,4186,1,CLOSED,"2026-08-24 09:57:21"
TKT-1-202608-00038,3716,"2026-08-01 14:06:43",SLA-S4,4424,3,RESOLVED,"2026-09-02 16:54:00"
TKT-1-202608-02133,3716,"2026-08-19 15:15:25",SLA-S4,4191,9,CLOSED,"2026-08-24 15:40:25"
TKT-1-202608-03249,3722,"2026-08-28 12:23:10",SLA-S4,4737,3,PENDING_WITH_FCI,"2026-09-05 09:57:10"
TKT-1-202608-01060,3737,"2026-08-11 16:02:42",SLA-S4,4212,9,RESOLVED,"2026-09-01 12:10:42"
TKT-1-202608-03446,3768,"2026-08-31 16:58:12",SLA-S4,4243,0,PENDING_WITH_REQUESTER,"2026-09-05 09:11:12"
TKT-1-202608-00404,3785,"2026-08-05 12:17:03",SLA-S4,4260,4,PENDING_WITH_FCI,"2026-09-04 17:54:03"
TKT-1-202608-01607,3788,"2026-08-17 12:15:36",SLA-S4,4263,7,RESOLVED,"2026-08-18 15:34:36"
TKT-1-202608-00194,3808,"2026-08-03 16:56:18",SLA-S4,4346,1,ASSIGNED,"2026-09-04 17:32:00"
TKT-1-202608-01569,3849,"2026-08-17 11:08:34",SLA-S4,4324,4,PENDING_WITH_REQUESTER,"2026-09-04 16:50:34"
TKT-1-202608-02522,3892,"2026-08-22 11:51:27",SLA-S4,4735,0,PENDING_WITH_REQUESTER,"2026-09-04 16:08:00"
TKT-1-202608-01808,3930,"2026-08-18 13:01:58",SLA-S4,4405,0,PENDING_WITH_FCI,"2026-09-04 15:29:58"
TKT-1-202608-02081,3980,"2026-08-19 12:32:51",SLA-S4,4455,0,ASSIGNED,"2026-09-04 14:39:51"
TKT-1-202608-01571,4015,"2026-08-17 11:10:09",SLA-S4,4490,3,RESOLVED,"2026-08-21 12:08:09"
TKT-1-202608-03024,4029,"2026-08-25 12:03:12",SLA-S4,4385,15,CLOSED,"2026-08-28 11:06:00"
TKT-1-202608-03356,4039,"2026-08-29 16:48:17",SLA-S4,4514,18,RESOLVED,"2026-09-03 12:25:17"
TKT-1-202608-00348,4041,"2026-08-04 17:21:53",SLA-S4,4516,2,PENDING_WITH_REQUESTER,"2026-09-04 13:38:53"
TKT-1-202608-01021,4041,"2026-08-11 14:07:33",SLA-S4,4516,1,PENDING_WITH_FCI,"2026-09-04 13:38:33"
TKT-1-202608-03427,4042,"2026-08-31 15:51:14",SLA-S4,4517,4,PENDING_WITH_FCI,"2026-09-04 13:37:14"
TKT-1-202608-02062,4070,"2026-08-19 11:40:47",SLA-S4,4545,6,RESOLVED,"2026-08-22 16:46:47"
TKT-1-202608-02508,4086,"2026-08-22 10:55:17",SLA-S4,5101,2,PENDING_WITH_FCI,"2026-09-04 12:53:17"
TKT-1-202608-02162,4102,"2026-08-19 16:30:32",SLA-S4,4577,3,RESOLVED,"2026-09-01 15:27:32"
TKT-1-202608-02047,4104,"2026-08-19 10:33:01",SLA-S4,4579,8,PENDING_WITH_REQUESTER,"2026-09-04 12:35:01"
TKT-1-202608-00757,4168,"2026-08-07 15:54:53",SLA-S4,5183,8,CLOSED,"2026-08-12 09:35:53"
TKT-1-202608-02034,4170,"2026-08-18 20:30:21",SLA-S4,4645,11,RESOLVED,"2026-08-28 09:03:00"
TKT-1-202608-03217,4215,"2026-08-27 17:22:26",SLA-S4,4690,0,RESOLVED,"2026-09-01 14:10:26"
TKT-1-202608-01140,4241,"2026-08-12 13:09:15",SLA-S4,4716,48,PENDING_WITH_REQUESTER,"2026-09-04 10:18:15"
TKT-1-202608-01665,4246,"2026-08-17 15:05:08",SLA-S4,4721,1,PENDING_WITH_REQUESTER,"2026-09-04 11:18:08"
TKT-1-202608-00408,4257,"2026-08-05 12:27:51",SLA-S4,4732,12,ASSIGNED,"2026-09-04 10:02:51"
TKT-1-202608-02291,4272,"2026-08-20 15:56:17",SLA-S4,4747,1,PENDING_WITH_REQUESTER,"2026-09-04 09:47:17"
TKT-1-202608-00987,4292,"2026-08-11 12:28:43",SLA-S4,4767,14,PENDING_WITH_REQUESTER,"2026-09-04 09:27:43"
TKT-1-202608-03225,4294,"2026-08-27 18:09:14",SLA-S4,4769,0,PENDING_WITH_REQUESTER,"2026-09-04 10:41:00"
TKT-1-202608-00673,4300,"2026-08-07 09:16:50",SLA-S4,4775,15,PENDING_WITH_REQUESTER,"2026-09-04 10:23:50"
TKT-1-202608-02548,4334,"2026-08-22 13:58:26",SLA-S4,5349,10,PENDING_WITH_REQUESTER,"2026-09-03 17:45:26"
TKT-1-202608-01254,4362,"2026-08-13 11:53:29",SLA-S4,4837,1,PENDING_WITH_REQUESTER,"2026-09-03 17:17:29"
TKT-1-202608-03112,4364,"2026-08-26 13:19:34",SLA-S4,4558,14,PENDING_WITH_REQUESTER,"2026-09-03 17:16:34"
TKT-1-202608-02376,4373,"2026-08-20 19:06:06",SLA-S4,4848,18,RESOLVED,"2026-09-03 09:49:00"
TKT-1-202608-01301,4409,"2026-08-13 13:40:05",SLA-S4,4884,10,PENDING_WITH_REQUESTER,"2026-09-03 16:30:05"
TKT-1-202608-02084,4418,"2026-08-19 12:46:19",SLA-S4,4893,3,RESOLVED,"2026-08-29 16:21:19"
TKT-1-202608-00471,4494,"2026-08-05 16:16:23",SLA-S4,4969,7,RESOLVED,"2026-08-31 13:40:23"
TKT-1-202608-01712,4498,"2026-08-17 16:46:17",SLA-S4,5046,30,RESOLVED,"2026-08-29 10:59:00"
TKT-1-202608-00891,4504,"2026-08-10 13:45:25",SLA-S4,5233,9,PENDING_WITH_FCI,"2026-09-03 14:56:00"
TKT-1-202608-00947,4510,"2026-08-10 18:19:53",SLA-S4,4985,1,PENDING_WITH_REQUESTER,"2026-09-03 14:50:00"
TKT-1-202608-03207,4514,"2026-08-27 16:11:09",SLA-S4,4989,1,RESOLVED,"2026-09-01 12:39:09"
TKT-1-202608-02332,4537,"2026-08-20 16:47:09",SLA-S4,5012,2,ASSIGNED,"2026-09-03 14:22:09"
TKT-1-202608-00495,4547,"2026-08-05 18:10:16",SLA-S4,5022,0,RESOLVED,"2026-08-31 17:07:00"
TKT-1-202608-02203,4558,"2026-08-20 11:21:19",SLA-S4,5033,1,PENDING_WITH_REQUESTER,"2026-09-03 14:01:19"
TKT-1-202608-00451,4561,"2026-08-05 15:05:16",SLA-S4,5036,23,PENDING_WITH_FCI,"2026-09-03 13:58:16"
TKT-1-202608-02681,4568,"2026-08-23 14:23:08",SLA-S4,5043,34,PENDING_WITH_REQUESTER,"2026-09-03 13:52:00"
TKT-1-202608-03044,4591,"2026-08-25 14:15:29",SLA-S4,4815,0,RESOLVED,"2026-08-31 10:49:00"
TKT-1-202608-00073,4605,"2026-08-01 18:23:47",SLA-S4,5080,7,CLOSED,"2026-08-17 09:28:00"
TKT-1-202608-00578,4641,"2026-08-06 14:23:03",SLA-S4,5116,3,RESOLVED,"2026-08-11 17:48:03"
TKT-1-202608-00257,4667,"2026-08-04 12:05:34",SLA-S4,5142,2,PENDING_WITH_REQUESTER,"2026-09-03 12:12:34"
TKT-1-202608-00765,4733,"2026-08-07 16:12:26",SLA-S4,5208,2,CLOSED,"2026-08-21 13:38:26"
TKT-1-202608-02870,4740,"2026-08-24 14:05:13",SLA-S4,5215,15,PENDING_WITH_REQUESTER,"2026-09-03 10:59:13"
TKT-1-202608-02075,4745,"2026-08-19 12:17:59",SLA-S4,5220,12,CLOSED,"2026-08-22 13:49:59"
TKT-1-202608-01536,4818,"2026-08-16 09:51:38",SLA-S4,5293,8,PENDING_WITH_REQUESTER,"2026-09-03 09:42:00"
TKT-1-202608-02185,4830,"2026-08-19 17:59:06",SLA-S4,5305,0,ASSIGNED,"2026-09-03 09:29:06"
TKT-1-202608-03253,4831,"2026-08-28 12:45:17",SLA-S4,5846,2,RESOLVED,"2026-08-31 17:10:17"
TKT-1-202608-00997,4833,"2026-08-11 12:55:00",SLA-S4,5308,5,RESOLVED,"2026-08-27 16:07:00"
TKT-1-202608-01165,4922,"2026-08-12 14:37:53",SLA-S4,5397,20,PENDING_WITH_REQUESTER,"2026-09-02 16:57:53"
TKT-1-202608-03369,4925,"2026-08-29 21:33:39",SLA-S4,5400,0,PENDING_WITH_REQUESTER,"2026-09-02 16:55:00"
TKT-1-202608-01975,4928,"2026-08-18 16:09:14",SLA-S4,5403,10,RESOLVED,"2026-08-28 12:47:14"
TKT-1-202608-03214,4987,"2026-08-27 16:58:29",SLA-S4,5462,3,CLOSED,"2026-08-31 15:27:29"
TKT-1-202608-01238,5054,"2026-08-13 10:49:41",SLA-S4,5529,0,RESOLVED,"2026-08-29 09:24:41"
TKT-1-202608-01324,5084,"2026-08-13 15:55:00",SLA-S4,5559,3,CLOSED,"2026-08-28 13:03:00"
TKT-1-202608-01378,5103,"2026-08-14 11:54:15",SLA-S4,5578,3,RESOLVED,"2026-08-19 12:24:15"
TKT-1-202608-01043,5143,"2026-08-11 15:34:47",SLA-S4,5618,0,RESOLVED,"2026-08-28 12:05:47"
TKT-1-202608-03360,5176,"2026-08-29 17:23:16",SLA-S4,5651,1,ASSIGNED,"2026-09-02 12:43:16"
TKT-1-202608-00345,5187,"2026-08-04 17:18:31",SLA-S4,5662,1,RESOLVED,"2026-08-28 12:07:31"
TKT-1-202608-00561,5204,"2026-08-06 13:17:09",SLA-S4,5679,4,CLOSED,"2026-08-14 11:27:09"
TKT-1-202608-01297,5216,"2026-08-13 13:27:28",SLA-S4,5691,24,RESOLVED,"2026-08-25 17:25:28"
TKT-1-202608-03088,5224,"2026-08-25 19:31:32",SLA-S4,5224,9,RESOLVED,"2026-08-28 15:30:00"
TKT-1-202608-03036,5248,"2026-08-25 13:03:15",SLA-S4,5544,1,RESOLVED,"2026-08-29 10:00:00"
TKT-1-202608-02383,5255,"2026-08-21 10:05:22",SLA-S4,5730,24,RESOLVED,"2026-08-28 14:03:22"
TKT-1-202608-01815,5264,"2026-08-18 13:33:56",SLA-S4,5739,12,RESOLVED,"2026-08-27 09:55:56"
TKT-1-202608-01116,5286,"2026-08-12 11:58:32",SLA-S4,5761,2,PENDING_WITH_FCI,"2026-09-02 10:53:32"
TKT-1-202608-01352,5302,"2026-08-13 17:22:36",SLA-S4,5777,6,RESOLVED,"2026-09-01 09:38:36"
TKT-1-202608-01719,5340,"2026-08-17 16:57:13",SLA-S4,5877,19,RESOLVED,"2026-08-18 17:15:00"
TKT-1-202608-00906,5355,"2026-08-10 14:58:02",SLA-S4,6011,2,ASSIGNED,"2026-09-02 09:45:00"
TKT-1-202608-01052,5361,"2026-08-11 15:45:47",SLA-S4,5836,27,PENDING_WITH_REQUESTER,"2026-09-02 09:38:47"
TKT-1-202608-02224,5361,"2026-08-20 12:01:58",SLA-S4,5836,12,PENDING_WITH_FCI,"2026-09-02 09:38:58"
TKT-1-202608-02158,5374,"2026-08-19 16:22:39",SLA-S4,5849,4,PENDING_WITH_FCI,"2026-09-02 09:25:39"
TKT-1-202608-00522,5382,"2026-08-06 11:20:21",SLA-S4,5857,2,RESOLVED,"2026-08-20 12:50:21"
TKT-1-202608-01327,5385,"2026-08-13 16:04:43",SLA-S4,5860,20,RESOLVED,"2026-08-25 16:01:43"
TKT-1-202608-01208,5407,"2026-08-12 17:07:51",SLA-S4,5882,1,ASSIGNED,"2026-09-01 17:52:51"
TKT-1-202608-00909,5419,"2026-08-10 15:22:51",SLA-S4,5894,6,RESOLVED,"2026-08-25 16:20:51"
TKT-1-202608-00034,5447,"2026-08-01 13:47:54",SLA-S4,6174,1,RESOLVED,"2026-08-05 13:19:00"
TKT-1-202608-03279,5484,"2026-08-28 15:46:48",SLA-S4,5959,0,ASSIGNED,"2026-09-01 16:35:48"
TKT-1-202608-01137,5500,"2026-08-12 12:56:08",SLA-S4,5975,4,RESOLVED,"2026-08-25 14:04:08"
TKT-1-202608-02121,5510,"2026-08-19 14:41:23",SLA-S4,5985,0,ASSIGNED,"2026-09-01 16:09:23"
TKT-1-202608-03332,5519,"2026-08-29 12:46:57",SLA-S4,5994,1,PENDING_WITH_REQUESTER,"2026-09-01 16:00:57"
TKT-1-202608-01237,5522,"2026-08-13 10:38:39",SLA-S4,5997,7,RESOLVED,"2026-08-31 15:06:39"
TKT-1-202608-01323,5599,"2026-08-13 15:55:00",SLA-S4,6074,3,CLOSED,"2026-08-22 11:04:00"
TKT-1-202608-02450,5626,"2026-08-21 15:21:45",SLA-S4,6641,3,PENDING_WITH_REQUESTER,"2026-09-01 14:13:45"
TKT-1-202608-01346,5697,"2026-08-13 16:58:03",SLA-S4,6172,10,RESOLVED,"2026-08-25 15:11:03"
TKT-1-202608-01811,5816,"2026-08-18 13:13:29",SLA-S4,6291,8,PENDING_WITH_REQUESTER,"2026-09-01 11:03:29"
TKT-1-202608-02070,5879,"2026-08-19 12:03:25",SLA-S4,6354,9,PENDING_WITH_REQUESTER,"2026-09-01 11:04:25"
TKT-1-202608-01157,5898,"2026-08-12 14:17:56",SLA-S4,6373,16,PENDING_WITH_REQUESTER,"2026-09-01 09:41:56"
TKT-1-202608-00984,5964,"2026-08-11 12:20:08",SLA-S4,6439,7,PENDING_WITH_REQUESTER,"2026-08-31 17:35:08"
TKT-1-202608-01368,5965,"2026-08-14 11:15:34",SLA-S4,6369,6,RESOLVED,"2026-08-17 15:21:00"
TKT-1-202608-02002,5967,"2026-08-18 17:26:56",SLA-S4,6442,2,CLOSED,"2026-08-24 09:44:56"
TKT-1-202608-00788,6010,"2026-08-07 18:01:06",SLA-S4,7025,6,ASSIGNED,"2026-08-31 16:50:00"
TKT-1-202608-00164,6020,"2026-08-03 14:49:27",SLA-S4,6495,17,RESOLVED,"2026-08-04 13:44:27"
TKT-1-202608-03070,6081,"2026-08-25 15:54:28",SLA-S4,6206,5,PENDING_WITH_FCI,"2026-08-31 15:39:00"
TKT-1-202608-00804,6122,"2026-08-08 08:47:11",SLA-S4,6597,7,RESOLVED,"2026-08-08 17:04:00"
TKT-1-202608-03330,6193,"2026-08-29 12:29:46",SLA-S4,6668,2,ASSIGNED,"2026-08-31 13:46:46"
TKT-1-202608-02523,6195,"2026-08-22 11:51:58",SLA-S4,7210,0,PENDING_WITH_FCI,"2026-08-31 13:44:58"
TKT-1-202608-03173,6203,"2026-08-27 13:19:10",SLA-S4,6678,0,RESOLVED,"2026-08-29 11:57:10"
TKT-1-202608-01315,6244,"2026-08-13 15:15:45",SLA-S4,6719,11,RESOLVED,"2026-08-25 11:47:45"
TKT-1-202608-01181,6249,"2026-08-12 15:27:31",SLA-S4,6724,17,RESOLVED,"2026-08-25 09:55:31"
TKT-1-202608-03125,6274,"2026-08-27 10:37:40",SLA-S4,6749,1,ASSIGNED,"2026-08-31 13:33:40"
TKT-1-202608-01281,6296,"2026-08-13 13:07:35",SLA-S4,6771,44,CLOSED,"2026-08-25 13:03:35"
TKT-1-202608-01055,6341,"2026-08-11 15:50:43",SLA-S4,6816,22,PENDING_WITH_FCI,"2026-08-31 11:18:43"
TKT-1-202608-02130,6350,"2026-08-19 15:08:42",SLA-S4,6825,4,RESOLVED,"2026-08-20 14:03:42"
TKT-1-202608-02559,6355,"2026-08-22 15:16:13",SLA-S4,6993,4,PENDING_WITH_FCI,"2026-08-31 11:05:00"
TKT-1-202608-00816,6429,"2026-08-08 16:08:31",SLA-S4,7444,7,CLOSED,"2026-08-18 16:40:31"
TKT-1-202608-00022,6456,"2026-08-01 12:39:27",SLA-S4,7471,3,RESOLVED,"2026-08-22 16:12:27"
TKT-1-202608-00637,6476,"2026-08-06 17:06:08",SLA-S4,6951,0,PENDING_WITH_REQUESTER,"2026-08-31 09:03:08"
TKT-1-202608-03139,6529,"2026-08-27 11:27:31",SLA-S4,7004,6,PENDING_WITH_REQUESTER,"2026-08-29 17:10:31"
TKT-1-202608-01715,6540,"2026-08-17 16:52:37",SLA-S4,7082,24,PENDING_WITH_REQUESTER,"2026-08-29 17:00:00"
TKT-1-202608-00928,6557,"2026-08-10 16:42:04",SLA-S4,7032,2,PENDING_WITH_FCI,"2026-08-29 16:42:04"
TKT-1-202608-01084,6562,"2026-08-11 18:55:17",SLA-S4,7037,9,ASSIGNED,"2026-08-29 16:38:00"
TKT-1-202608-01235,6572,"2026-08-13 10:22:12",SLA-S4,7047,24,ASSIGNED,"2026-08-29 16:27:12"
TKT-1-202608-02660,6578,"2026-08-23 11:10:21",SLA-S4,7053,34,RESOLVED,"2026-08-27 14:50:00"
TKT-1-202608-02352,6631,"2026-08-20 17:32:12",SLA-S4,7106,3,PENDING_WITH_REQUESTER,"2026-08-29 15:28:12"
TKT-1-202608-01220,6708,"2026-08-12 18:27:44",SLA-S4,7183,26,ASSIGNED,"2026-08-29 14:12:00"
TKT-1-202608-01320,6811,"2026-08-13 15:38:08",SLA-S4,7286,2,PENDING_WITH_FCI,"2026-08-29 12:28:08"
TKT-1-202608-01280,6823,"2026-08-13 13:07:17",SLA-S4,7298,45,RESOLVED,"2026-08-25 11:33:17"
TKT-1-202608-03077,6870,"2026-08-25 17:15:48",SLA-S4,6914,1,ASSIGNED,"2026-08-29 11:30:00"
TKT-1-202608-02369,6909,"2026-08-20 18:13:08",SLA-S4,7384,19,RESOLVED,"2026-08-25 14:46:00"
TKT-1-202608-01765,6947,"2026-08-18 10:38:49",SLA-S4,7422,3,ASSIGNED,"2026-08-29 10:12:49"
TKT-1-202608-00774,7003,"2026-08-07 16:45:23",SLA-S4,7478,19,RESOLVED,"2026-08-27 16:59:23"
TKT-1-202608-01381,7058,"2026-08-14 12:02:28",SLA-S4,7533,0,RESOLVED,"2026-08-25 14:34:28"
TKT-1-202608-02145,7080,"2026-08-19 15:40:46",SLA-S4,7555,0,RESOLVED,"2026-08-24 14:53:46"
TKT-1-202608-01197,7082,"2026-08-12 16:14:10",SLA-S4,7557,2,RESOLVED,"2026-08-13 15:10:10"
TKT-1-202608-03229,7085,"2026-08-27 18:26:09",SLA-S4,7560,0,ASSIGNED,"2026-08-28 16:55:00"
TKT-1-202608-00948,7341,"2026-08-10 18:23:31",SLA-S4,7816,1,RESOLVED,"2026-08-21 10:20:00"
TKT-1-202608-00549,7346,"2026-08-06 12:47:53",SLA-S4,7821,5,ASSIGNED,"2026-08-28 12:33:53"
TKT-1-202608-01626,7436,"2026-08-17 13:00:41",SLA-S4,8210,2,RESOLVED,"2026-08-21 10:29:00"
TKT-1-202608-03141,7472,"2026-08-27 11:32:24",SLA-S4,7947,2,ASSIGNED,"2026-08-28 10:27:24"
TKT-1-202608-00002,7499,"2026-08-01 10:00:27",SLA-S4,8453,11,RESOLVED,"2026-08-08 17:48:00"
TKT-1-202608-00974,7499,"2026-08-11 11:30:37",SLA-S4,7974,10,RESOLVED,"2026-08-25 17:20:37"
TKT-1-202608-01366,7560,"2026-08-14 11:00:51",SLA-S4,7979,3,RESOLVED,"2026-08-20 17:47:00"
TKT-1-202608-00662,7637,"2026-08-06 18:06:04",SLA-S4,8112,32,RESOLVED,"2026-08-24 14:31:00"
TKT-1-202608-01510,7666,"2026-08-15 15:50:39",SLA-S4,8141,8,RESOLVED,"2026-08-21 12:16:00"
TKT-1-202608-00707,7779,"2026-08-07 13:04:36",SLA-S4,8254,0,PENDING_WITH_REQUESTER,"2026-08-27 14:20:36"
TKT-1-202608-03014,7814,"2026-08-25 11:18:22",SLA-S4,8215,13,ASSIGNED,"2026-08-27 13:46:00"
TKT-1-202608-02166,7819,"2026-08-19 16:41:18",SLA-S4,8294,9,PENDING_WITH_REQUESTER,"2026-08-27 13:40:18"
TKT-1-202608-01169,7828,"2026-08-12 15:02:53",SLA-S4,8303,9,CLOSED,"2026-08-22 16:55:53"
TKT-1-202608-00602,7887,"2026-08-06 15:12:02",SLA-S4,8362,5,RESOLVED,"2026-08-22 13:37:02"
TKT-1-202608-00513,7944,"2026-08-06 10:55:25",SLA-S4,8419,2,RESOLVED,"2026-08-11 13:13:25"
TKT-1-202608-02214,7953,"2026-08-20 11:38:11",SLA-S4,8428,0,ASSIGNED,"2026-08-27 11:26:11"
TKT-1-202608-00854,7966,"2026-08-10 11:25:21",SLA-S4,8835,18,PENDING_WITH_REQUESTER,"2026-08-27 11:14:00"
TKT-1-202608-01127,8001,"2026-08-12 12:42:06",SLA-S4,8476,3,PENDING_WITH_REQUESTER,"2026-08-27 10:38:06"
TKT-1-202608-03103,8033,"2026-08-26 11:11:05",SLA-S4,8099,12,ASSIGNED,"2026-08-27 10:07:05"
TKT-1-202608-01831,8048,"2026-08-18 14:03:17",SLA-S4,8523,2,RESOLVED,"2026-08-19 12:59:17"
TKT-1-202608-01758,8071,"2026-08-17 22:05:27",SLA-S4,8546,13,RESOLVED,"2026-08-24 13:07:00"
TKT-1-202608-03027,8100,"2026-08-25 12:21:06",SLA-S4,8438,2,ASSIGNED,"2026-08-26 11:16:06"
TKT-1-202608-02952,8112,"2026-08-24 17:11:44",SLA-S4,8587,12,ASSIGNED,"2026-08-25 17:47:44"
TKT-1-202608-00242,8136,"2026-08-04 11:29:16",SLA-S4,8611,1,PENDING_WITH_FCI,"2026-08-25 17:23:16"
TKT-1-202608-02675,8164,"2026-08-23 13:50:31",SLA-S4,9179,41,ASSIGNED,"2026-08-25 16:56:00"
TKT-1-202608-01528,8183,"2026-08-15 20:25:42",SLA-S4,8658,8,ASSIGNED,"2026-08-25 16:37:00"
TKT-1-202608-02060,8228,"2026-08-19 11:19:38",SLA-S4,8703,1,ASSIGNED,"2026-08-25 15:51:38"
TKT-1-202608-02370,8274,"2026-08-20 18:13:42",SLA-S4,8749,19,ASSIGNED,"2026-08-25 15:06:00"
TKT-1-202608-02751,8284,"2026-08-24 11:52:55",SLA-S4,8759,6,ASSIGNED,"2026-08-25 14:55:55"
TKT-1-202608-02758,8316,"2026-08-24 12:18:43",SLA-S4,8791,19,ASSIGNED,"2026-08-25 14:23:43"
TKT-1-202608-01760,8320,"2026-08-17 23:32:26",SLA-S4,8795,13,PENDING_WITH_FCI,"2026-08-25 14:20:00"
TKT-1-202608-01108,8338,"2026-08-12 11:21:09",SLA-S4,8813,2,ASSIGNED,"2026-08-25 14:01:09"
TKT-1-202608-00171,8519,"2026-08-03 15:23:36",SLA-S4,8994,23,ASSIGNED,"2026-08-25 11:00:36"
TKT-1-202608-01259,8547,"2026-08-13 12:00:49",SLA-S4,9022,5,ASSIGNED,"2026-08-25 10:32:49"
TKT-1-202608-01369,8562,"2026-08-14 11:18:36",SLA-S4,8963,3,RESOLVED,"2026-08-19 17:02:00"
TKT-1-202608-01373,8566,"2026-08-14 11:31:44",SLA-S4,9041,0,PENDING_WITH_REQUESTER,"2026-08-25 10:13:44"
TKT-1-202608-02198,8682,"2026-08-20 10:45:22",SLA-S4,9157,7,PENDING_WITH_REQUESTER,"2026-08-24 17:17:22"
TKT-1-202608-02445,8711,"2026-08-21 15:06:30",SLA-S4,9726,4,ASSIGNED,"2026-08-24 16:48:30"
TKT-1-202608-02321,8801,"2026-08-20 16:22:50",SLA-S4,9276,0,RESOLVED,"2026-08-21 15:18:50"
TKT-1-202608-02189,9071,"2026-08-19 19:25:37",SLA-S4,9546,1,PENDING_WITH_REQUESTER,"2026-08-24 10:49:00"
TKT-1-202608-01252,9086,"2026-08-13 11:50:35",SLA-S4,9561,2,PENDING_WITH_FCI,"2026-08-24 10:33:35"
TKT-1-202608-02380,9148,"2026-08-20 22:43:58",SLA-S4,9623,19,ASSIGNED,"2026-08-24 10:43:00"
TKT-1-202608-00360,9193,"2026-08-04 17:52:03",SLA-S4,9668,3,RESOLVED,"2026-08-20 16:06:03"
TKT-1-202608-00715,9204,"2026-08-07 13:52:00",SLA-S4,10219,10,ASSIGNED,"2026-08-22 17:36:00"
TKT-1-202608-00780,9229,"2026-08-07 17:11:18",SLA-S4,10244,12,RESOLVED,"2026-08-18 17:10:18"
TKT-1-202608-02054,9229,"2026-08-19 11:12:04",SLA-S4,9704,6,PENDING_WITH_REQUESTER,"2026-08-22 17:10:04"
TKT-1-202608-00003,9276,"2026-08-01 10:05:59",SLA-S4,10291,6,RESOLVED,"2026-08-19 15:01:59"
TKT-1-202608-01802,9367,"2026-08-18 12:42:39",SLA-S4,9842,0,PENDING_WITH_FCI,"2026-08-22 14:52:39"
TKT-1-202608-01526,9530,"2026-08-15 20:10:48",SLA-S4,10005,14,RESOLVED,"2026-08-20 15:48:00"
TKT-1-202608-00720,9570,"2026-08-07 14:18:04",SLA-S4,10045,24,RESOLVED,"2026-08-20 15:16:04"
TKT-1-202608-00636,9685,"2026-08-06 17:04:05",SLA-S4,10160,2,RESOLVED,"2026-08-20 10:51:05"
TKT-1-202608-02368,9784,"2026-08-20 18:09:43",SLA-S4,10259,20,ASSIGNED,"2026-08-21 16:56:00"
TKT-1-202608-01591,9860,"2026-08-17 11:56:53",SLA-S4,10698,2,ASSIGNED,"2026-08-21 15:40:00"
TKT-1-202608-00931,10176,"2026-08-10 16:49:25",SLA-S4,10651,3,RESOLVED,"2026-08-19 17:42:25"
TKT-1-202608-01316,10186,"2026-08-13 15:20:30",SLA-S4,10661,6,RESOLVED,"2026-08-20 10:13:30"
TKT-1-202608-01593,10204,"2026-08-17 11:58:49",SLA-S4,11040,0,ASSIGNED,"2026-08-21 09:56:00"
TKT-1-202608-01601,10400,"2026-08-17 12:08:33",SLA-S4,11226,0,RESOLVED,"2026-08-18 16:55:00"
TKT-1-202608-01016,10415,"2026-08-11 13:40:31",SLA-S4,10890,5,ASSIGNED,"2026-08-20 15:24:31"
TKT-1-202608-02142,10468,"2026-08-19 15:36:21",SLA-S4,10943,4,ASSIGNED,"2026-08-20 14:31:21"
TKT-1-202608-01516,10551,"2026-08-15 17:53:55",SLA-S4,11559,0,RESOLVED,"2026-08-18 16:48:55"
TKT-1-202608-02098,10601,"2026-08-19 13:22:18",SLA-S4,11076,18,ASSIGNED,"2026-08-20 12:18:18"
TKT-1-202608-00680,10613,"2026-08-07 11:24:29",SLA-S4,11628,16,RESOLVED,"2026-08-18 15:50:29"
TKT-1-202608-00587,10644,"2026-08-06 15:03:41",SLA-S4,11119,2,ASSIGNED,"2026-08-20 11:35:41"
TKT-1-202608-00532,10668,"2026-08-06 11:58:38",SLA-S4,11143,1,RESOLVED,"2026-08-13 10:08:38"
TKT-1-202608-00823,10743,"2026-08-09 01:02:16",SLA-S4,11758,0,ASSIGNED,"2026-08-20 10:57:00"
TKT-1-202608-01525,10883,"2026-08-15 20:03:34",SLA-S4,11358,14,PENDING_WITH_REQUESTER,"2026-08-19 16:37:00"
TKT-1-202608-02000,10892,"2026-08-18 17:19:46",SLA-S4,11367,10,ASSIGNED,"2026-08-19 16:27:46"
TKT-1-202608-01556,11178,"2026-08-17 10:07:35",SLA-S4,12125,1,ASSIGNED,"2026-08-19 11:42:00"
TKT-1-202608-01801,11182,"2026-08-18 12:41:56",SLA-S4,11657,1,ASSIGNED,"2026-08-19 11:37:56"
TKT-1-202608-00874,11339,"2026-08-10 12:25:10",SLA-S4,11814,27,ASSIGNED,"2026-08-19 09:00:10"
TKT-1-202608-01699,11404,"2026-08-17 16:23:00",SLA-S4,11976,1,ASSIGNED,"2026-08-18 16:56:00"
TKT-1-202608-01049,11637,"2026-08-11 15:43:41",SLA-S4,12112,29,ASSIGNED,"2026-08-18 13:02:41"
TKT-1-202608-01040,11873,"2026-08-11 15:23:15",SLA-S4,12348,4,ASSIGNED,"2026-08-18 09:06:15"
TKT-1-202608-00374,11955,"2026-08-04 21:47:14",SLA-S4,12430,31,PENDING_WITH_REQUESTER,"2026-08-17 16:45:00"
TKT-1-202608-00395,12205,"2026-08-05 11:39:03",SLA-S4,12680,10,RESOLVED,"2026-08-11 09:42:03"
TKT-1-202608-01454,12420,"2026-08-14 16:15:19",SLA-S4,12524,17,ASSIGNED,"2026-08-15 15:10:19"
TKT-1-202608-01483,12420,"2026-08-14 21:40:42",SLA-S4,12420,0,ASSIGNED,"2026-08-15 16:55:00"
TKT-1-202608-01166,12689,"2026-08-12 14:45:05",SLA-S4,13164,13,ASSIGNED,"2026-08-14 13:30:05"
TKT-1-202608-01253,12846,"2026-08-13 11:51:47",SLA-S4,13321,1,ASSIGNED,"2026-08-14 10:53:47"
TKT-1-202608-00564,13179,"2026-08-06 13:27:26",SLA-S4,13654,17,PENDING_WITH_REQUESTER,"2026-08-13 14:20:26"
TKT-1-202608-01131,13334,"2026-08-12 12:50:04",SLA-S4,13809,0,ASSIGNED,"2026-08-13 11:45:04"
TKT-1-202608-00907,13357,"2026-08-10 15:13:54",SLA-S4,13998,14,ASSIGNED,"2026-08-13 11:23:00"
TKT-1-202608-00243,13846,"2026-08-04 11:30:55",SLA-S4,14321,0,ASSIGNED,"2026-08-12 12:13:55"
TKT-1-202608-00920,14024,"2026-08-10 15:46:19",SLA-S4,14632,12,ASSIGNED,"2026-08-12 09:16:00"
TKT-1-202608-00950,14089,"2026-08-10 19:39:42",SLA-S4,14564,2,ASSIGNED,"2026-08-11 17:11:00"
TKT-1-202608-00828,14105,"2026-08-09 18:38:03",SLA-S4,15120,0,ASSIGNED,"2026-08-11 16:55:00"
TKT-1-202608-00956,14105,"2026-08-10 20:42:18",SLA-S4,14580,0,ASSIGNED,"2026-08-11 16:55:00"
TKT-1-202608-00652,14236,"2026-08-06 17:52:33",SLA-S4,14711,2,ASSIGNED,"2026-08-11 14:43:33"
TKT-1-202608-00676,14372,"2026-08-07 10:37:57",SLA-S4,15387,6,ASSIGNED,"2026-08-11 12:27:57"
TKT-1-202608-00634,14430,"2026-08-06 16:53:33",SLA-S4,14905,12,ASSIGNED,"2026-08-11 11:29:33"
TKT-1-202608-00783,14607,"2026-08-07 17:27:31",SLA-S4,15622,12,ASSIGNED,"2026-08-10 17:32:31"
TKT-1-202608-00318,14685,"2026-08-04 15:47:42",SLA-S4,15160,8,ASSIGNED,"2026-08-10 16:14:42"
TKT-1-202608-00016,14890,"2026-08-01 12:02:01",SLA-S4,15905,3,ASSIGNED,"2026-08-10 12:49:01"
TKT-1-202608-00441,14938,"2026-08-05 13:58:51",SLA-S4,15413,7,ASSIGNED,"2026-08-10 12:01:51"
TKT-1-202608-00411,15108,"2026-08-05 12:36:07",SLA-S4,15583,4,PENDING_WITH_REQUESTER,"2026-08-10 10:28:07"
TKT-1-202608-00316,15119,"2026-08-04 15:42:04",SLA-S4,15594,14,RESOLVED,"2026-08-07 11:19:04"
TKT-1-202608-00328,15182,"2026-08-04 16:42:59",SLA-S4,15657,2,PENDING_WITH_REQUESTER,"2026-08-08 16:57:59"
TKT-1-202608-00342,16163,"2026-08-04 17:12:05",SLA-S4,16638,6,ASSIGNED,"2026-08-07 09:36:05"
TKT-1-202608-00204,16310,"2026-08-03 17:17:44",SLA-S4,16827,0,ASSIGNED,"2026-08-06 16:10:00"
TKT-1-202608-00333,16866,"2026-08-04 16:57:54",SLA-S4,17341,2,ASSIGNED,"2026-08-05 15:53:54"
TKT-1-202608-00010,17084,"2026-08-01 11:26:44",SLA-S4,17952,2,ASSIGNED,"2026-08-05 12:16:00"
TKT-1-202608-00111,17344,"2026-08-03 11:45:44",SLA-S4,18193,0,ASSIGNED,"2026-08-04 16:56:00"
TKT-1-202608-00116,17344,"2026-08-03 11:51:58",SLA-S4,18187,0,ASSIGNED,"2026-08-04 16:56:00"
