ticket_id,reported_date,status,breached_by_minutes,sla_id,due_at
TKT-1-202609-00014,"2026-09-01 12:17:25",ASSIGNED,530,SLA-S4,"2026-09-23 16:23:25"
TKT-1-202609-00031,"2026-09-01 13:17:12",ASSIGNED,375,SLA-S4,"2026-09-24 09:59:12"
TKT-1-202609-00070,"2026-09-01 17:03:48",ASSIGNED,84,SLA-S4,"2026-09-24 14:49:48"
TKT-1-202609-00094,"2026-09-02 11:46:42",ASSIGNED,271,SLA-S4,"2026-09-24 11:42:42"
TKT-1-202609-00126,"2026-09-02 14:43:14",ASSIGNED,669,SLA-S4,"2026-09-23 14:05:14"
TKT-1-202609-00127,"2026-09-02 14:46:03",ASSIGNED,8602,SLA-S4,"2026-09-05 16:52:03"
TKT-1-202609-00130,"2026-09-02 14:52:41",PENDING_WITH_REQUESTER,20,SLA-S4,"2026-09-24 15:53:41"
TKT-1-202609-00221,"2026-09-03 16:02:20",ASSIGNED,9074,SLA-S4,"2026-09-04 14:57:20"
TKT-1-202609-00223,"2026-09-03 16:13:20",ASSIGNED,9074,SLA-S4,"2026-09-04 15:08:20"
TKT-1-202609-00255,"2026-09-04 11:40:49",ASSIGNED,8978,SLA-S4,"2026-09-05 10:36:49"
TKT-1-202609-00269,"2026-09-04 15:01:57",ASSIGNED,8777,SLA-S4,"2026-09-05 13:57:57"
TKT-1-202609-00287,"2026-09-04 18:17:25",PENDING_WITH_REQUESTER,194,SLA-S4,"2026-09-24 13:00:00"
TKT-1-202609-00313,"2026-09-05 12:16:37",ASSIGNED,1385,SLA-S4,"2026-09-22 11:08:37"
TKT-1-202609-00329,"2026-09-05 15:05:30",PENDING_WITH_REQUESTER,68,SLA-S4,"2026-09-24 15:05:30"
TKT-1-202609-00353,"2026-09-07 10:54:41",ASSIGNED,5588,SLA-S4,"2026-09-12 13:05:41"
TKT-1-202609-00379,"2026-09-07 14:37:23",ASSIGNED,393,SLA-S4,"2026-09-24 09:40:23"
TKT-1-202609-00385,"2026-09-07 15:05:20",ASSIGNED,252,SLA-S4,"2026-09-24 12:02:20"
TKT-1-202609-00391,"2026-09-07 16:02:34",ASSIGNED,48,SLA-S4,"2026-09-24 15:25:34"
TKT-1-202609-00404,"2026-09-07 17:27:12",ASSIGNED,56,SLA-S4,"2026-09-24 15:18:12"
TKT-1-202609-00449,"2026-09-08 11:53:39",ASSIGNED,7306,SLA-S4,"2026-09-09 11:27:39"
TKT-1-202609-00480,"2026-09-08 13:36:04",PENDING_WITH_REQUESTER,1001,SLA-S4,"2026-09-23 11:30:04"
TKT-1-202609-00482,"2026-09-08 14:04:30",PENDING_WITH_REQUESTER,767,SLA-S4,"2026-09-23 12:26:30"
TKT-1-202609-00499,"2026-09-08 15:54:32",ASSIGNED,433,SLA-S4,"2026-09-24 09:00:32"
TKT-1-202609-00517,"2026-09-08 17:32:58",ASSIGNED,340,SLA-S4,"2026-09-24 10:33:58"
TKT-1-202609-00521,"2026-09-08 18:34:09",ASSIGNED,490,SLA-S4,"2026-09-23 17:04:00"
TKT-1-202609-00539,"2026-09-09 11:48:10",ASSIGNED,6713,SLA-S4,"2026-09-10 12:22:10"
TKT-1-202609-00544,"2026-09-09 12:11:35",ASSIGNED,2915,SLA-S4,"2026-09-18 12:38:35"
TKT-1-202609-00591,"2026-09-09 16:43:29",ASSIGNED,5567,SLA-S4,"2026-09-12 13:26:29"
TKT-1-202609-00596,"2026-09-09 17:01:38",ASSIGNED,361,SLA-S4,"2026-09-24 10:12:38"
TKT-1-202609-00604,"2026-09-09 17:28:08",ASSIGNED,569,SLA-S4,"2026-09-23 15:45:08"
TKT-1-202609-00612,"2026-09-09 17:45:01",ASSIGNED,40,SLA-S4,"2026-09-24 15:34:01"
TKT-1-202609-00629,"2026-09-10 11:06:08",PENDING_WITH_REQUESTER,40,SLA-S4,"2026-09-24 15:34:08"
TKT-1-202609-00654,"2026-09-10 12:32:28",ASSIGNED,3835,SLA-S4,"2026-09-16 15:19:28"
TKT-1-202609-00687,"2026-09-10 15:42:49",ASSIGNED,113,SLA-S4,"2026-09-24 14:20:49"
TKT-1-202609-00713,"2026-09-10 17:58:12",ASSIGNED,2295,SLA-S4,"2026-09-19 13:59:12"
TKT-1-202609-00719,"2026-09-11 06:57:08",ASSIGNED,55,SLA-S4,"2026-09-24 15:19:00"
TKT-1-202609-00720,"2026-09-11 09:44:30",ASSIGNED,742,SLA-S4,"2026-09-23 12:52:30"
TKT-1-202609-00781,"2026-09-11 16:52:51",PENDING_WITH_REQUESTER,264,SLA-S4,"2026-09-24 11:49:51"
TKT-1-202609-00782,"2026-09-11 17:01:24",PENDING_WITH_REQUESTER,687,SLA-S4,"2026-09-23 13:47:24"
TKT-1-202609-00791,"2026-09-11 17:50:25",PENDING_WITH_REQUESTER,171,SLA-S4,"2026-09-24 13:24:25"
TKT-1-202609-00797,"2026-09-11 18:36:27",PENDING_WITH_REQUESTER,130,SLA-S4,"2026-09-24 14:04:00"
TKT-1-202609-00824,"2026-09-13 19:15:16",ASSIGNED,4231,SLA-S4,"2026-09-15 17:43:00"
TKT-1-202609-00859,"2026-09-14 16:02:40",ASSIGNED,4396,SLA-S4,"2026-09-15 14:57:40"
TKT-1-202609-00878,"2026-09-15 11:19:27",ASSIGNED,4140,SLA-S4,"2026-09-16 10:14:27"
TKT-1-202609-00883,"2026-09-15 11:55:57",ASSIGNED,724,SLA-S4,"2026-09-23 13:09:57"
TKT-1-202609-00919,"2026-09-15 16:08:00",ASSIGNED,1376,SLA-S4,"2026-09-22 11:18:00"
TKT-1-202609-00923,"2026-09-15 16:27:13",ASSIGNED,400,SLA-S4,"2026-09-24 09:34:13"
TKT-1-202609-00943,"2026-09-15 21:55:39",ASSIGNED,3695,SLA-S4,"2026-09-16 17:39:00"
TKT-1-202609-00990,"2026-09-16 12:53:20",ASSIGNED,181,SLA-S4,"2026-09-24 13:13:20"
TKT-1-202609-01024,"2026-09-16 15:11:28",ASSIGNED,208,SLA-S4,"2026-09-24 12:46:28"
TKT-1-202609-01036,"2026-09-16 15:53:26",ASSIGNED,370,SLA-S4,"2026-09-24 10:04:26"
TKT-1-202609-01041,"2026-09-16 15:57:27",ASSIGNED,552,SLA-S4,"2026-09-23 16:02:27"
TKT-1-202609-01044,"2026-09-16 16:01:44",ASSIGNED,708,SLA-S4,"2026-09-23 13:25:44"
TKT-1-202609-01046,"2026-09-16 16:08:06",ASSIGNED,348,SLA-S4,"2026-09-24 10:26:06"
TKT-1-202609-01142,"2026-09-16 17:25:37",ASSIGNED,65,SLA-S4,"2026-09-24 15:09:37"
TKT-1-202609-01238,"2026-09-17 11:24:28",ASSIGNED,2826,SLA-S4,"2026-09-18 14:08:28"
TKT-1-202609-01253,"2026-09-17 12:19:31",PENDING_WITH_REQUESTER,53,SLA-S4,"2026-09-24 15:21:31"
TKT-1-202609-01275,"2026-09-17 13:37:11",ASSIGNED,7,SLA-S4,"2026-09-24 16:07:11"
TKT-1-202609-01277,"2026-09-17 13:54:06",ASSIGNED,2905,SLA-S4,"2026-09-18 12:49:06"
TKT-1-202609-01294,"2026-09-17 15:23:09",PENDING_WITH_REQUESTER,22,SLA-S4,"2026-09-24 15:52:09"
TKT-1-202609-01338,"2026-09-17 16:42:37",PENDING_WITH_FCI,2384,SLA-S4,"2026-09-19 12:30:37"
TKT-1-202609-01341,"2026-09-17 17:11:41",PENDING_WITH_REQUESTER,279,SLA-S4,"2026-09-24 11:34:41"
TKT-1-202609-01344,"2026-09-17 17:22:10",ASSIGNED,910,SLA-S4,"2026-09-23 10:04:10"
TKT-1-202609-01348,"2026-09-17 17:49:12",ASSIGNED,2670,SLA-S4,"2026-09-18 16:44:12"
TKT-1-202609-01368,"2026-09-18 11:06:32",ASSIGNED,525,SLA-S4,"2026-09-23 16:29:32"
TKT-1-202609-01369,"2026-09-18 11:09:51",ASSIGNED,1815,SLA-S4,"2026-09-21 12:58:51"
TKT-1-202609-01377,"2026-09-18 11:48:53",ASSIGNED,2490,SLA-S4,"2026-09-19 10:43:53"
TKT-1-202609-01397,"2026-09-18 12:54:28",ASSIGNED,36,SLA-S4,"2026-09-24 15:38:28"
TKT-1-202609-01398,"2026-09-18 12:57:30",PENDING_WITH_REQUESTER,140,SLA-S4,"2026-09-24 13:54:30"
TKT-1-202609-01414,"2026-09-18 13:38:48",PENDING_WITH_REQUESTER,146,SLA-S4,"2026-09-24 13:47:48"
TKT-1-202609-01432,"2026-09-18 17:03:21",PENDING_WITH_REQUESTER,1105,SLA-S4,"2026-09-22 15:49:21"
TKT-1-202609-01434,"2026-09-18 17:06:43",ASSIGNED,2172,SLA-S4,"2026-09-19 16:01:43"
TKT-1-202609-01453,"2026-09-18 18:14:22",PENDING_WITH_REQUESTER,463,SLA-S4,"2026-09-23 17:31:00"
TKT-1-202609-01482,"2026-09-19 12:20:30",PENDING_WITH_REQUESTER,173,SLA-S4,"2026-09-24 13:21:30"
TKT-1-202609-01494,"2026-09-19 13:06:35",PENDING_WITH_FCI,531,SLA-S4,"2026-09-23 16:23:35"
TKT-1-202609-01496,"2026-09-19 13:27:14",ASSIGNED,385,SLA-S4,"2026-09-24 09:49:14"
TKT-1-202609-01501,"2026-09-19 14:52:47",ASSIGNED,1344,SLA-S4,"2026-09-22 11:49:47"
TKT-1-202609-01519,"2026-09-20 07:07:48",ASSIGNED,31,SLA-S4,"2026-09-24 15:43:00"
TKT-1-202609-01524,"2026-09-20 09:17:10",PENDING_WITH_REQUESTER,445,SLA-S4,"2026-09-23 17:49:00"
TKT-1-202609-01528,"2026-09-20 14:18:21",PENDING_WITH_REQUESTER,242,SLA-S4,"2026-09-24 12:12:00"
TKT-1-202609-01531,"2026-09-20 16:15:41",ASSIGNED,420,SLA-S4,"2026-09-24 09:14:00"
TKT-1-202609-01557,"2026-09-21 11:53:54",ASSIGNED,276,SLA-S4,"2026-09-24 11:37:54"
TKT-1-202609-01562,"2026-09-21 12:26:33",ASSIGNED,415,SLA-S4,"2026-09-24 09:19:33"
TKT-1-202609-01572,"2026-09-21 12:43:20",ASSIGNED,545,SLA-S4,"2026-09-23 16:09:20"
TKT-1-202609-01621,"2026-09-21 16:30:34",ASSIGNED,719,SLA-S4,"2026-09-23 13:15:34"
TKT-1-202609-01623,"2026-09-21 16:47:08",PENDING_WITH_FCI,157,SLA-S4,"2026-09-24 13:37:08"
TKT-1-202609-01628,"2026-09-21 17:17:20",ASSIGNED,88,SLA-S4,"2026-09-24 14:46:20"
TKT-1-202609-01656,"2026-09-22 11:39:06",PENDING_WITH_REQUESTER,332,SLA-S4,"2026-09-24 10:42:06"
TKT-1-202609-01658,"2026-09-22 11:54:53",ASSIGNED,167,SLA-S4,"2026-09-24 13:26:53"
TKT-1-202609-01669,"2026-09-22 12:09:28",ASSIGNED,399,SLA-S4,"2026-09-24 09:35:28"
TKT-1-202609-01672,"2026-09-22 12:17:25",ASSIGNED,260,SLA-S4,"2026-09-24 11:54:25"
TKT-1-202609-01673,"2026-09-22 12:21:32",ASSIGNED,234,SLA-S4,"2026-09-24 12:20:32"
TKT-1-202609-01680,"2026-09-22 12:39:32",PENDING_WITH_REQUESTER,27,SLA-S4,"2026-09-24 15:47:32"
TKT-1-202609-01687,"2026-09-22 13:36:11",ASSIGNED,309,SLA-S4,"2026-09-24 11:05:11"
TKT-1-202609-01728,"2026-09-22 16:08:22",ASSIGNED,101,SLA-S4,"2026-09-24 14:33:22"
TKT-1-202609-01738,"2026-09-22 17:20:37",PENDING_WITH_REQUESTER,224,SLA-S4,"2026-09-24 12:30:37"
TKT-1-202609-01749,"2026-09-22 21:34:17",ASSIGNED,333,SLA-S4,"2026-09-24 10:41:00"
TKT-1-202609-01756,"2026-09-23 10:51:29",ASSIGNED,387,SLA-S4,"2026-09-24 09:47:29"
TKT-1-202609-01760,"2026-09-23 11:12:31",PENDING_WITH_REQUESTER,20,SLA-S4,"2026-09-24 15:54:31"
TKT-1-202609-01763,"2026-09-23 11:24:59",ASSIGNED,312,SLA-S4,"2026-09-24 11:01:59"
TKT-1-202609-01775,"2026-09-23 12:09:02",PENDING_WITH_REQUESTER,35,SLA-S4,"2026-09-25 09:46:02"
TKT-1-202609-01776,"2026-09-23 12:10:41",PENDING_WITH_REQUESTER,39,SLA-S4,"2026-09-24 15:35:41"
TKT-1-202609-01803,"2026-09-23 14:48:19",ASSIGNED,28,SLA-S4,"2026-09-24 15:46:19"
TKT-1-202609-01804,"2026-09-23 14:54:30",PENDING_WITH_REQUESTER,144,SLA-S4,"2026-09-24 17:46:30"
TKT-1-202609-01806,"2026-09-23 14:59:39",ASSIGNED,114,SLA-S4,"2026-09-24 14:20:39"
TKT-1-202609-01809,"2026-09-23 15:04:43",ASSIGNED,50,SLA-S4,"2026-09-24 15:24:43"
TKT-1-202609-01810,"2026-09-23 15:04:50",ASSIGNED,65,SLA-S4,"2026-09-24 15:08:50"
TKT-1-202609-01812,"2026-09-23 15:07:43",PENDING_WITH_FCI,91,SLA-S4,"2026-09-25 10:09:43"
TKT-1-202609-01814,"2026-09-23 15:11:12",PENDING_WITH_REQUESTER,127,SLA-S4,"2026-09-25 09:08:12"
TKT-1-202609-01817,"2026-09-23 15:30:14",PENDING_WITH_REQUESTER,104,SLA-S4,"2026-09-24 14:30:14"
TKT-1-202609-01822,"2026-09-23 16:17:50",PENDING_WITH_REQUESTER,62,SLA-S4,"2026-09-25 11:18:50"
TKT-1-202609-01827,"2026-09-23 16:30:44",ASSIGNED,49,SLA-S4,"2026-09-25 11:44:44"
TKT-1-202609-01829,"2026-09-23 16:36:12",ASSIGNED,43,SLA-S4,"2026-09-24 16:11:12"
