"Ticket Id","Master Id","Is Master","Child Ticket Count","Reported Date","Requestor Name",Remark,"Updated By","Last Modified Date","Last Modified Status Date",Status,Module,"Sub Module","Issue Type","Assigned To",Priority,Severity,"Office Code","District Name","District Code","Zone Code",Zone,"Region Name","Region Code","Depot Code","Requestor User Id","Requestor Email Id","Requestor Mobile No.",Division,"Due At","Breach In","Is Breached"
TKT-1-202609-01471,NULL,0,0,"2026-09-19 11:28:56",POLICE,"please contact on this number:9959694242",114298,"2026-09-24 11:04:07","2026-09-24 11:04:07",ASSIGNED,Reports,Others,"Change Request",umesh.k,"P3 | Medium (Impacting 25% to 50% users)","Low - S4",SB15,KURNOOL,SB15,S,South,"Andhra Pradesh",SB,SB15002,114298,nage114298.fci@gov.in,9703577475,"Storage Division","2026-09-24 16:18:56",-315,NO
TKT-1-202609-01697,NULL,0,0,"2026-09-22 14:00:23",AMIT,"Sir/Madam, kindly share the manually recorded weight for all 5 stacks in the comment section for further investigation.",inish.d,"2026-09-23 17:31:59","2026-09-23 11:26:51",ASSIGNED,Reports,Others,"Service Request",umesh.k,"P4 | Low (Impacting single user)","Low - S4",NC13,HISSAR,NC13,N,North,Haryana,NC,NC13006,282570,amit282570.fci@gov.in,9709440546,"Storage Division","2026-09-24 12:20:23",-66,NO
TKT-1-202609-01776,NULL,0,0,"2026-09-23 12:10:41",SUJAN,"Specification has already been checked. It is requested to provide guidance how the stock can be added in Anna Darpan under this situation.",100876,"2026-09-23 19:32:14","2026-09-23 19:32:14",ASSIGNED,Movement,"Movement by Rail > Binning from Wagon","Service Request",umesh.k,"P4 | Low (Impacting single user)","Low - S4",EF21,HOOGHLY,EF21,E,East,"West Bengal",EF,EF21004,100876,sujan100876.fci@gov.in,7890848663,"Movement Division","2026-09-24 14:25:41",-208,NO
TKT-1-202609-00287,NULL,1,2,"2026-09-04 18:17:25","KATTA KRISHNA","Kindly, Contact to this Number 7842475571.",114434,"2026-09-24 10:15:02","2026-09-24 10:15:02",ASSIGNED,Quality,"BRL > Complete BRL Replacement","Service Request",anshu.r,"P3 | Medium (Impacting 25% to 50% users)","Low - S4",SC16,MUZHAPPILANGAD,SC16,S,South,Kerala,SC,SB14003,114434,krishna70fci.fci@gov.in,9701488209,"Procurement Division","2026-09-24 11:22:00",-17,NO
TKT-1-202609-01777,NULL,0,0,"2026-09-23 12:10:45","N MOHAN","Please check.",vikram6singh,"2026-09-23 11:14:24","2026-09-23 12:13:43",ASSIGNED,"Asset & Inventory","Preservation > Curative Treatment","Routine Task",inish.d,"P4 | Low (Impacting single user)","Low - S4",SE18,VELLORE,SE18,S,South,"Tamil Nadu",SE,SE12003,186499,moha143693.fci@gov.in,8015217559,"Quality Division","2026-09-24 11:06:45",-48,NO
TKT-1-202609-00094,NULL,0,0,"2026-09-02 11:46:42",RAKESH,"issue not resolved. WHEN I GIVE LEAD MORE THAN 100 OF LABOUR GANG USAGE, IN LABOUR GANG WORK SLIP REPORT DOUBLE ENTRY IS SHOWING.",176989,"2026-09-23 14:07:08","2026-09-23 14:07:08",ASSIGNED,"Labour Management","Labour Management > Labour Gang Usage","Service Request",satish.d,"P4 | Low (Impacting single user)","Low - S4",EC17,PATNA,EC17,E,East,Bihar,EC,EC17003,176989,rakesh153031.fci@gov.in,9113344300,"IRL Division","2026-09-24 11:43:42",-90,NO
TKT-1-202609-01851,NULL,0,0,"2026-09-24 09:15:16",PREM,"Please check.",vikram6singh,"2026-09-24 09:26:27","2026-09-24 09:15:37",ASSIGNED,Storage,Others,"Service Request",umesh.k,"P4 | Low (Impacting single user)","Low - S4",ED13,RANCHI,ED13,E,East,Jharkhand,ED,ED13004,152788,plekka.fci@gov.in,8521249022,"Storage Division","2026-09-24 17:11:16",-419,NO
TKT-1-202609-00385,NULL,0,0,"2026-09-07 15:05:20",wc20002_03,"Login credentials: wc20002_01 , password- Depot@2026",wc20002_03,"2026-09-21 15:58:01","2026-09-23 14:58:00",ASSIGNED,Movement,Others,"Service Request",umesh.k,"P4 | Low (Impacting single user)","Low - S4",WC20,PANVEL,WC20,W,West,Maharastra,WC,WC20002,wc20002_03,wc20002_03@gmail.com,1121947716,"Quality Division","2026-09-24 11:09:20",-1,NO
TKT-1-202609-00999,NULL,1,2,"2026-09-16 12:59:22","ABIRAMI P","Please contact the number 8148756922",298399,"2026-09-24 10:46:01","2026-09-24 10:46:01",ASSIGNED,"Asset & Inventory","General Asset Management > Mark Asset Status","Service Request",richa.k,"P4 | Low (Impacting single user)","Low - S4",SE12,COIMBATORE,SE12,S,South,"Tamil Nadu",SE,SE12001,298399,abirami93.fci@gov.in,8148756922,"Quality Division","2026-09-24 14:28:22",-198,NO
TKT-1-202609-01845,NULL,0,0,"2026-09-23 19:21:45",SURINDER,"Please check.",vikram6singh,"2026-09-24 09:59:42","2026-09-24 09:15:58",ASSIGNED,Procurement,"CMR > Create Token","Service Request",inish.d,"P1 | Urgent (Impacting 100% users)","Low - S4",NC13,HISSAR,NC13,N,North,Haryana,NC,NC13002,153002,surend153002.fci@gov.in,8950176621,"Procurement Division","2026-09-24 16:56:00",-394,NO
TKT-1-202609-01802,NULL,0,0,"2026-09-23 14:44:30",TARUN,"this ticket is duplicate please close this ticket.",293763,"2026-09-24 11:14:57","2026-09-24 11:14:57",ASSIGNED,Storage,"Shed and Stacks","Service Request",arti.1.t,"P4 | Low (Impacting single user)","Low - S4",EF28,"24 PARGNAS",EF28,E,East,"West Bengal",EF,EF28004,293763,tarun293763@fci.gov.in,9304208429,"Storage Division","2026-09-24 17:16:30",-145,NO
TKT-1-202609-01843,NULL,0,0,"2026-09-23 18:31:38",AMAR,"Please check.",vikram6singh,"2026-09-24 09:16:07","2026-09-24 09:16:07",ASSIGNED,"Asset & Inventory","Asset Management > Asset Stock Details List","Service Request",anshu.r,"P1 | Urgent (Impacting 100% users)","Low - S4",WD19,SATNA,WD19,W,West,"Madhya Pradesh",WD,WD19012,160273,amar160273.fci@gov.in,7772877483,"General/House Keeping Division","2026-09-24 16:55:00",-407,NO
TKT-1-202609-01746,NULL,1,1,"2026-09-22 18:56:19",RAKESH,"A response from the concerned section regarding this issue is awaited.",160167,"2026-09-24 10:52:50","2026-09-24 10:52:50",ASSIGNED,Movement,"Movement by Road > Generate Truck chit","Service Request",saroj.m,"P4 | Low (Impacting single user)","Low - S4",WD19,SATNA,WD19,W,West,"Madhya Pradesh",WD,WD19003,160167,rakesh160167@fci.gov.in,9926047961,"Movement Division","2026-09-24 13:54:00",-160,NO
TKT-1-202609-01680,NULL,1,1,"2026-09-22 12:39:32",SURINDER,"stack no. 4c/212 alloted to a party  we merged this stack in wings into 3c/151 which is already a part stack and have space for 3-4 lots.Now when we are creating token for the lot of that party annadarpan is showing old stack 4c/212 for that party.",132259,"2026-09-23 17:29:21","2026-09-23 15:13:44",ASSIGNED,Procurement,"CMR > Create Token","Service Request",inish.d,"P4 | Low (Impacting single user)","Low - S4",NC13,HISSAR,NC13,N,North,Haryana,NC,NC13011,132259,suri132259.fci@gov.in,9053044538,"Procurement Division","2026-09-24 12:29:32",-126,NO
TKT-1-202609-01783,NULL,0,0,"2026-09-23 12:34:04",TARUN,"Please check and resolve this issue asap .",293763,"2026-09-24 11:18:58","2026-09-24 11:18:58",ASSIGNED,Storage,"Shed and Stacks","Service Request",arti.1.t,"P4 | Low (Impacting single user)","Low - S4",EF28,"24 PARGNAS",EF28,E,East,"West Bengal",EF,EF28004,293763,tarun293763@fci.gov.in,9304208429,"Storage Division","2026-09-24 17:16:04",-357,NO
TKT-1-202609-01850,NULL,0,0,"2026-09-24 08:29:58",SHEHNAZ,"Please check.",vikram6singh,"2026-09-24 09:21:08","2026-09-24 09:15:32",ASSIGNED,Movement,"Movement by Rail > Wagon Number Assignment","Service Request",arti.1.t,"P4 | Low (Impacting single user)","Low - S4",NF21,PATIALA,NF21,N,North,Punjab,NF,NF22035,179149,sheh179149@fci.gov.in,9814268786,"Movement Division","2026-09-24 16:55:00",-341,NO
TKT-1-202609-01528,NULL,1,2,"2026-09-20 14:18:21",AMBHORE,"The details mentioned in the attached document 'Loading_Details_For_Rake_1469-21763' is correct .",315443,"2026-09-23 12:02:17","2026-09-23 12:02:17",ASSIGNED,Movement,Others,"Service Request",umesh.k,"P4 | Low (Impacting single user)","Low - S4",WF13,DURG,WF13,W,West,Chattisgarh,WF,WF13003,315443,siddeshwar315443@fci.gov.in,9158106317,"Movement Division","2026-09-24 10:48:00",-5,NO
TKT-1-202609-01840,NULL,0,0,"2026-09-23 18:06:29",HARASHVIR,"Id: 109511... Password: Fateh@1313",109511,"2026-09-24 11:11:04","2026-09-24 11:11:04",ASSIGNED,"Asset & Inventory","Storage Asset Management > Asset Procurement List","Service Request",inish.d,"P1 | Urgent (Impacting 100% users)","Low - S4",NF14,CHANDIGARH,NF14,N,North,Punjab,NF,NF14007,109511,hars109511.fci@gov.in,9855577713,"Storage Division","2026-09-24 17:53:00",-402,NO
TKT-1-202609-01817,NULL,0,0,"2026-09-23 15:30:14",PARVINDER,"Please check.",vikram6singh,"2026-09-23 15:48:17","2026-09-23 15:41:46",ASSIGNED,Storage,"Manage Stacks > Stack Update","Access / Permission Issue",umesh.k,"P1 | Urgent (Impacting 100% users)","Low - S4",NB13,SHAKTINAGAR,NB13,N,North,Delhi,NB,NB13001,296514,parvin296514.fci@gov.in,9990966266,"Storage Division","2026-09-24 14:25:14",-257,NO
TKT-1-202609-01760,NULL,0,0,"2026-09-23 11:12:31","PRANABANDHU NAYAK","Please check.",vikram6singh,"2026-09-24 09:58:11","2026-09-24 09:16:40",ASSIGNED,Procurement,"CMR > Create Token","Service Request",inish.d,"P4 | Low (Impacting single user)","Low - S4",EE15,JAYPORE,EE15,E,East,Orissa,EE,EE15002,150033,pran150033.fci@gov.in,9937383722,"Procurement Division","2026-09-24 14:34:31",-252,NO
TKT-1-202609-01758,NULL,0,0,"2026-09-23 11:07:12",HANIT,"please read comment section",109289,"2026-09-24 10:37:21","2026-09-23 17:58:03",ASSIGNED,Movement,Others,"Service Request",umesh.k,"P4 | Low (Impacting single user)","Low - S4",NF21,PATIALA,NF21,N,North,Punjab,NF,NF21009,109289,hani109289.fci@gov.in,9988743444,"Movement Division","2026-09-24 15:40:12",-294,NO
TKT-1-202609-01806,NULL,0,0,"2026-09-23 14:59:39",DILIP,"Right now we are not facing issues in any other stack. Please fix the issue for this 21B13 Stack.",108397,"2026-09-24 11:17:36","2026-09-24 11:17:36",ASSIGNED,Storage,Others,"Service Request",umesh.k,"P1 | Urgent (Impacting 100% users)","Low - S4",WC11,NULL,NULL,W,West,Maharastra,WC,WC17044,108397,dilip108397@fci.gov.in,9422903540,"Storage Division","2026-09-24 14:20:39",-182,NO
TKT-1-202609-01465,NULL,0,0,"2026-09-19 10:04:17",sb13077_01,"yes sir its reflecting and we will follow procedure and will  inform you if any error exits",sb13077_01,"2026-09-24 10:46:27","2026-09-24 10:46:27",ASSIGNED,Procurement,"CMR > Create Token","Service Request",inish.d,"P4 | Low (Impacting single user)","Low - S4",SB13,KAKINADA,SB13,S,South,"Andhra Pradesh",SB,SB13077,sb13077_01,sb13077_01@gmail.com,1121945364,"Procurement Division","2026-09-24 14:13:17",-207,NO
TKT-1-202608-00762,NULL,0,0,"2026-08-07 16:07:22",PRABHU,"Requirement and use case to be provided by requester.",amitabh.k,"2026-09-23 15:13:53","2026-09-23 15:13:53",ASSIGNED,Storage,Others,"Change Request",umesh.k,"P2 | High (Impacting more than 50% users)","Low - S4",SE11,NULL,NULL,S,South,"Tamil Nadu",SE,NULL,287525,prabhu287525.fci@gov.in,9962085671,"Storage Division","2026-09-24 10:47:22",-42,NO
TKT-1-202608-01952,NULL,0,0,"2026-08-18 15:07:56",MEENA,"To be rectify",amitabh.k,"2026-09-23 15:49:45","2026-09-23 15:49:45",ASSIGNED,Reports,"Reports > Sales Reports","Change Request",inish.d,"P4 | Low (Impacting single user)","Low - S4",NG18,UDAIPUR,NG18,N,North,Rajasthan,NG,NULL,109889,meena109889.fci@gov.in,7014268700,"Sales Division","2026-09-24 12:35:56",-105,NO
TKT-1-202609-00329,NULL,0,0,"2026-09-05 15:05:30",RAJAN,"This is not in the case of just one miller but after generating the load balance Depot associated with one Rh is shown for another Rh. In screenshot The miller Arman Rice Mill is of RH Kaithal but  BG Kurukshetra is showing  which is of RH KKDE is",248235,"2026-09-15 15:18:45","2026-09-23 13:18:00",ASSIGNED,Procurement,"CMR Master > Least Cost Matrix","Service Request",inish.d,"P4 | Low (Impacting single user)","Low - S4",NC15,KURUKSHETRA,NC15,N,North,Haryana,NC,NULL,248235,rajan248235@fci.gov.in,9953899527,"Procurement Division","2026-09-24 11:55:30",-105,NO
TKT-1-202609-00781,NULL,0,0,"2026-09-11 16:52:51",PRABHU,"Sir, if the rake directly issued to PDS through Direct delivery from railhead. In that case what to be done. Kindly guide",287525,"2026-09-23 13:13:47","2026-09-23 13:13:47",ASSIGNED,Movement,"Movement by Rail > Movement List","Change Request",umesh.k,"P2 | High (Impacting more than 50% users)","Low - S4",SE11,NULL,NULL,S,South,"Tamil Nadu",SE,NULL,287525,prabhu287525.fci@gov.in,9962085671,"Movement Division","2026-09-24 11:31:51",-85,NO
TKT-1-202609-01771,NULL,0,0,"2026-09-23 11:54:39",SUMIT,"call me on this number - 8077480418",311897,"2026-09-24 10:51:37","2026-09-24 10:51:37",ASSIGNED,Sales,"Sales > View Release Order","Integrated Application Issue",pooja.11,"P4 | Low (Impacting single user)","Low - S4",NH13,BAREILLY,NH13,N,North,"Uttar Pradesh",NH,NULL,311897,sumitsharma.fci@nic.in,9953525980,"Sales Division","2026-09-24 16:26:39",-315,NO
TKT-1-202609-00130,NULL,0,0,"2026-09-02 14:52:41",JAKKIREDDY,"Millers list will be shared so please check and resolve the issue sir LB_report_AD_ticket.pdf",308153,"2026-09-17 12:04:26","2026-09-23 14:04:00",ASSIGNED,Procurement,"CMR Master > Load Balancing","Service Request",inish.d,"P4 | Low (Impacting single user)","Low - S4",SF17,SANATHNAGAR,SF17,S,South,Telangana,SF,NULL,308153,ram308153@fci.gov.in,7893449360,"Procurement Division","2026-09-24 12:47:41",-157,NO
TKT-1-202609-01764,NULL,0,0,"2026-09-23 11:46:07",MONIKA,"Please check.",vikram6singh,"2026-09-23 14:39:49","2026-09-23 12:06:30",ASSIGNED,Procurement,Others,"Change Request",inish.d,"P1 | Urgent (Impacting 100% users)","Low - S4",ND11,NULL,NULL,N,North,"Himachal Pradesh",ND,NULL,298039,monika298039.fci@gov.in,9805121232,"Procurement Division","2026-09-24 10:41:07",-30,NO
TKT-1-202609-00687,NULL,1,1,"2026-09-10 15:42:49",ARUN,"Kindly refer to the last comment that I mentioned regarding the issue",105008,"2026-09-24 11:12:28","2026-09-23 15:33:21",ASSIGNED,DISFM,Others,"Service Request",umesh.k,"P4 | Low (Impacting single user)","Low - S4",NB13,SHAKTINAGAR,NB13,N,North,Delhi,NB,NULL,105008,Chauhan76.fci@gov.in,9211111829,"Storage Division","2026-09-24 14:21:49",-208,NO
TKT-1-202609-01726,NULL,0,0,"2026-09-22 16:05:41",BAFPALBIR,"PFA the screenshot and it is to inform that i am currently posted as AGM general in North zone Punjab region Kapurthala District. Kindly do the needful",289802,"2026-09-23 14:34:27","2026-09-23 12:41:02",ASSIGNED,"User Management",Others,"Service Request",njain,"P4 | Low (Impacting single user)","Low - S4",SE15,THOOTHUKKUDI,SE15,S,South,"Tamil Nadu",SE,NULL,289802,bafpalbirsingh.fci@gov.in,9814353443,"IT Division","2026-09-24 11:17:41",-27,NO
TKT-1-202609-01253,NULL,0,0,"2026-09-17 12:19:31",AMIT,"Kindly find the required document for further needful action.",316964,"2026-09-23 12:56:24","2026-09-23 12:41:19",ASSIGNED,"Engineering & Maintenance","Engineering & Maintenance > Work Request","Service Request",satish.d,"P2 | High (Impacting more than 50% users)","Low - S4",EC23,MOTIHARI,EC23,E,East,Bihar,EC,NULL,316964,amit316964@fci.gov.in,7544893612,"Engineering & Maintenance (Civil & Mechanical)","2026-09-24 11:21:31",-68,NO
TKT-1-202609-01837,NULL,0,0,"2026-09-23 17:44:08",SANDEEP,"Please check",vikram6singh,"2026-09-23 17:58:02","2026-09-23 17:48:14",ASSIGNED,Procurement,"Agency > Add Agency","Access / Permission Issue",inish.d,"P4 | Low (Impacting single user)","Low - S4",NF12,AMRITSAR,NF12,N,North,Punjab,NF,NULL,245211,sandee245211.fci@gov.in,9001624215,"Procurement Division","2026-09-24 16:39:08",-332,NO
TKT-1-202609-00391,NULL,0,0,"2026-09-07 16:02:34",VARSHA,"" zero" figure entry will be submitted. entry is not submit . there are database error is shown while submit the data.",276542,"2026-09-24 11:12:39","2026-09-24 11:12:39",ASSIGNED,DISFM,Others,"Service Request",umesh.k,"P4 | Low (Impacting single user)","Low - S4",NG14,JAIPUR,NG14,N,North,Rajasthan,NG,NULL,276542,varsha84.fci@gov.in,8696367313,"Sales Division","2026-09-24 15:25:34",-253,NO
TKT-1-202609-01829,NULL,0,0,"2026-09-23 16:36:12",NF20_ADMIN,New,NF20_ADMIN,"2026-09-23 11:25:57","2026-09-23 11:10:22",ASSIGNED,"User Management","<Given By User>","Service Request",satish.d,"P3 | Medium (Impacting 25% to 50% users)","Low - S4",NF20,LUDHIANA,NF20,N,North,Punjab,NF,NULL,NF20_ADMIN,nf20_dofci@fci.com,1122113386,"IT Division","2026-09-24 15:31:12",-317,NO
TKT-1-202609-01341,NULL,0,0,"2026-09-17 17:11:41",VIJAY,"After recalculating, our issue still persists, as our RMC and MCI are the same as we have mentioned. Kindly rectify the issue.",110129,"2026-09-23 11:51:52","2026-09-23 11:29:23",ASSIGNED,Storage,Others,"Service Request",umesh.k,"P4 | Low (Impacting single user)","Low - S4",ND13,DHARAMSHALA,ND13,N,North,"Himachal Pradesh",ND,ND13010,110129,vija110129.fci@gov.in,9625955599,"Storage Division","2026-09-24 10:12:41",-5,NO
TKT-1-202609-01398,NULL,0,0,"2026-09-18 12:57:30",LAISHRAM,"Please check",shivaniyadav091298,"2026-09-23 17:26:43","2026-09-23 17:15:57",ASSIGNED,"Asset & Inventory","IT Asset Management > Asset Procurement","Service Request",inish.d,"P1 | Urgent (Impacting 100% users)","Low - S4",FF12,D.O.IMPHAL,FF12,F,NEF,Manipur,FF,NULL,184826,lsurendro.fci@gov.in,7005096755,"IT Division","2026-09-24 10:36:30",-25,NO
TKT-1-202609-01594,NULL,0,0,"2026-09-21 13:29:46",KATIKAM,"Contact details : 8374132450 please contact to this number sir",311078,"2026-09-24 10:34:36","2026-09-24 10:34:36",ASSIGNED,"Physical Verification & Operational Losses (SL/TL)",Others,"Service Request",anshu.r,"P4 | Low (Impacting single user)","Low - S4",SF17,SANATHNAGAR,SF17,S,South,Telangana,SF,NULL,311078,VENKATA311078@FCI.GOV.IN,8374132450,"Movement Division","2026-09-24 16:57:46",-343,NO
TKT-1-202609-00961,NULL,0,0,"2026-09-16 11:14:23","SNEKHA THANGA BAKYA","Not able to release the rake. Error Screenshot attached",247596,"2026-09-24 11:10:34","2026-09-23 15:04:59",ASSIGNED,Movement,"Movement by Rail > Movement List","Service Request",umesh.k,"P4 | Low (Impacting single user)","Low - S4",SB25,TADEPALLIGUDAM,SB25,S,South,"Andhra Pradesh",SB,NULL,247596,snekha247596.fci@gov.in,9962172959,"Movement Division","2026-09-24 11:28:23",-18,NO
