Module_Name,Schema_Name,Table_Name,Column_Name,Data_Type,Is_Primary_Key,Is_Foreign_Key,Nullable,Referenced_Table,Referenced_Column,Business_Description,Data_Owner,Sensitivity_Level,Masking_Required,Remarks
Ticket System,ad_prd_ticket_system,app_runtime_config,config_key,varchar(100),YES,NO,NOT NULL,NULL,NULL,Config key maintained for app runtime config records.,FCI,,,
Ticket System,ad_prd_ticket_system,app_runtime_config,config_value,varchar(255),NO,NO,NOT NULL,NULL,NULL,Config value maintained for app runtime config records.,FCI,,,
Ticket System,ad_prd_ticket_system,app_runtime_config,updated_at,timestamp,NO,NO,NOT NULL,NULL,NULL,Timestamp when this record was last updated.,FCI,,,
Ticket System,ad_prd_ticket_system,assignment_history,id,varchar(36),YES,NO,NOT NULL,NULL,NULL,Unique identifier for this record.,FCI,,,
Ticket System,ad_prd_ticket_system,assignment_history,ticket_id,varchar(36),NO,YES,NOT NULL,tickets,ticket_id,Reference to the related ticket.,FCI,,,
Ticket System,ad_prd_ticket_system,assignment_history,assigned_by,varchar(100),NO,NO,NOT NULL,NULL,NULL,User who assigned the ticket/action.,FCI,,,
Ticket System,ad_prd_ticket_system,assignment_history,assigned_to,varchar(100),NO,NO,NOT NULL,NULL,NULL,User currently assigned to the ticket/action.,FCI,,,
Ticket System,ad_prd_ticket_system,assignment_history,level_id,varchar(20),NO,NO,NULL,NULL,NULL,Reference identifier of the related level.,FCI,,,
Ticket System,ad_prd_ticket_system,assignment_history,timestamp,datetime,NO,NO,NULL,NULL,NULL,Timestamp maintained for assignment history records.,FCI,,,
Ticket System,ad_prd_ticket_system,assignment_history,remark,varchar(255),NO,NO,NULL,NULL,NULL,Remark maintained for assignment history records.,FCI,,,
Ticket System,ad_prd_ticket_system,calendar_event,id,bigint,YES,NO,NOT NULL,NULL,NULL,Unique identifier for this record.,FCI,,,
Ticket System,ad_prd_ticket_system,calendar_event,title,varchar(255),NO,NO,NOT NULL,NULL,NULL,Short title of the ticket/record.,FCI,,,
Ticket System,ad_prd_ticket_system,calendar_event,start_at,datetime,NO,NO,NOT NULL,NULL,NULL,Timestamp for start.,FCI,,,
Ticket System,ad_prd_ticket_system,calendar_event,end_at,datetime,NO,NO,NOT NULL,NULL,NULL,Timestamp for end.,FCI,,,
Ticket System,ad_prd_ticket_system,calendar_event,is_all_day,tinyint(1),NO,NO,NOT NULL,NULL,NULL,Boolean flag indicating whether all day.,FCI,,,
Ticket System,ad_prd_ticket_system,calendar_event,background_color,varchar(16),NO,NO,NULL,NULL,NULL,Background color maintained for calendar event records.,FCI,,,
Ticket System,ad_prd_ticket_system,calendar_event,text_color,varchar(16),NO,NO,NULL,NULL,NULL,Text color maintained for calendar event records.,FCI,,,
Ticket System,ad_prd_ticket_system,calendar_event,meta,json,NO,NO,NULL,NULL,NULL,Meta maintained for calendar event records.,FCI,,,
Ticket System,ad_prd_ticket_system,calendar_holiday,id,bigint,YES,NO,NOT NULL,NULL,NULL,Unique identifier for this record.,FCI,,,
Ticket System,ad_prd_ticket_system,calendar_holiday,holiday_date,date,NO,NO,NOT NULL,NULL,NULL,Date for holiday.,FCI,,,
Ticket System,ad_prd_ticket_system,calendar_holiday,name,varchar(128),NO,NO,NOT NULL,NULL,NULL,Display name of the record.,FCI,,,
Ticket System,ad_prd_ticket_system,calendar_holiday,region,varchar(64),NO,NO,NOT NULL,NULL,NULL,Region maintained for calendar holiday records.,FCI,,,
Ticket System,ad_prd_ticket_system,calendar_holiday,is_optional,tinyint(1),NO,NO,NOT NULL,NULL,NULL,Boolean flag indicating whether optional.,FCI,,,
Ticket System,ad_prd_ticket_system,calendar_source,id,bigint,YES,NO,NOT NULL,NULL,NULL,Unique identifier for this record.,FCI,,,
Ticket System,ad_prd_ticket_system,calendar_source,provider_code,varchar(64),NO,NO,NOT NULL,NULL,NULL,Code representing provider.,FCI,,,
Ticket System,ad_prd_ticket_system,calendar_source,base_url,varchar(255),NO,NO,NOT NULL,NULL,NULL,Base url maintained for calendar source records.,FCI,,,
Ticket System,ad_prd_ticket_system,calendar_source,api_key,varchar(255),NO,NO,NULL,NULL,NULL,Api key maintained for calendar source records.,FCI,,,
Ticket System,ad_prd_ticket_system,calendar_source,enabled,tinyint(1),NO,NO,NOT NULL,NULL,NULL,Enabled maintained for calendar source records.,FCI,,,
Ticket System,ad_prd_ticket_system,calendar_working_hours,id,bigint,YES,NO,NOT NULL,NULL,NULL,Unique identifier for this record.,FCI,,,
Ticket System,ad_prd_ticket_system,calendar_working_hours,start_time,time,NO,NO,NOT NULL,NULL,NULL,Start time maintained for calendar working hours records.,FCI,,,
Ticket System,ad_prd_ticket_system,calendar_working_hours,end_time,time,NO,NO,NOT NULL,NULL,NULL,End time maintained for calendar working hours records.,FCI,,,
Ticket System,ad_prd_ticket_system,calendar_working_hours,timezone,varchar(64),NO,NO,NOT NULL,NULL,NULL,Timezone maintained for calendar working hours records.,FCI,,,
Ticket System,ad_prd_ticket_system,calendar_working_hours,is_active,tinyint(1),NO,NO,NOT NULL,NULL,NULL,Flag indicating whether the record is active.,FCI,,,
Ticket System,ad_prd_ticket_system,calendar_working_hours_exception,id,bigint,YES,NO,NOT NULL,NULL,NULL,Unique identifier for this record.,FCI,,,
Ticket System,ad_prd_ticket_system,calendar_working_hours_exception,scope,varchar(16),NO,NO,NOT NULL,NULL,NULL,Scope maintained for calendar working hours exception records.,FCI,,,
Ticket System,ad_prd_ticket_system,calendar_working_hours_exception,target_date,date,NO,NO,NULL,NULL,NULL,Date for target.,FCI,,,
Ticket System,ad_prd_ticket_system,calendar_working_hours_exception,weekday,tinyint,NO,NO,NULL,NULL,NULL,Weekday maintained for calendar working hours exception records.,FCI,,,
Ticket System,ad_prd_ticket_system,calendar_working_hours_exception,start_date,date,NO,NO,NULL,NULL,NULL,Date for start.,FCI,,,
Ticket System,ad_prd_ticket_system,calendar_working_hours_exception,end_date,date,NO,NO,NULL,NULL,NULL,Date for end.,FCI,,,
Ticket System,ad_prd_ticket_system,calendar_working_hours_exception,start_time,time,NO,NO,NULL,NULL,NULL,Start time maintained for calendar working hours exception records.,FCI,,,
Ticket System,ad_prd_ticket_system,calendar_working_hours_exception,end_time,time,NO,NO,NULL,NULL,NULL,End time maintained for calendar working hours exception records.,FCI,,,
Ticket System,ad_prd_ticket_system,calendar_working_hours_exception,is_closed,tinyint(1),NO,NO,NOT NULL,NULL,NULL,Boolean flag indicating whether closed.,FCI,,,
Ticket System,ad_prd_ticket_system,calendar_working_hours_exception,priority,int,NO,NO,NOT NULL,NULL,NULL,Priority assigned to the record.,FCI,,,
Ticket System,ad_prd_ticket_system,calendar_working_hours_exception,note,varchar(255),NO,NO,NULL,NULL,NULL,Note maintained for calendar working hours exception records.,FCI,,,
Ticket System,ad_prd_ticket_system,categories,category_id,varchar(36),YES,NO,NOT NULL,NULL,NULL,Reference to the related category.,FCI,,,
Ticket System,ad_prd_ticket_system,categories,category,varchar(100),NO,NO,NOT NULL,NULL,NULL,Category maintained for categories records.,FCI,,,
Ticket System,ad_prd_ticket_system,categories,created_by,varchar(100),NO,NO,NULL,NULL,NULL,User who created this record.,FCI,,,
Ticket System,ad_prd_ticket_system,categories,timestamp,timestamp,NO,NO,NULL,NULL,NULL,Timestamp maintained for categories records.,FCI,,,
Ticket System,ad_prd_ticket_system,categories,last_updated,timestamp,NO,NO,NULL,NULL,NULL,Last updated maintained for categories records.,FCI,,,
Ticket System,ad_prd_ticket_system,categories,updated_by,varchar(50),NO,NO,NULL,NULL,NULL,User who last updated this record.,FCI,,,
Ticket System,ad_prd_ticket_system,categories,is_active,"enum('Y','N')",NO,NO,NOT NULL,NULL,NULL,Flag indicating whether the record is active.,FCI,,,
Ticket System,ad_prd_ticket_system,client_credentials,id,varchar(36),YES,NO,NOT NULL,NULL,NULL,Unique identifier for this record.,FCI,,,
Ticket System,ad_prd_ticket_system,client_credentials,client_id,varchar(100),NO,NO,NOT NULL,NULL,NULL,Reference identifier of the related client.,FCI,,,
Ticket System,ad_prd_ticket_system,client_credentials,client_secret_hash,varchar(255),NO,NO,NOT NULL,NULL,NULL,Client secret hash maintained for client credentials records.,FCI,,,
Ticket System,ad_prd_ticket_system,client_credentials,description,varchar(255),NO,NO,NULL,NULL,NULL,Business description/details of the record.,FCI,,,
Ticket System,ad_prd_ticket_system,client_credentials,created_at,timestamp,NO,NO,NULL,NULL,NULL,Timestamp when this record was created.,FCI,,,
Ticket System,ad_prd_ticket_system,client_credentials,revoked_at,timestamp,NO,NO,NULL,NULL,NULL,Timestamp for revoked.,FCI,,,
Ticket System,ad_prd_ticket_system,client_tokens,id,varchar(36),YES,NO,NOT NULL,NULL,NULL,Unique identifier for this record.,FCI,,,
Ticket System,ad_prd_ticket_system,client_tokens,client_credential_id,varchar(36),NO,YES,NOT NULL,client_credentials,id,Reference identifier of the related client credential.,FCI,,,
Ticket System,ad_prd_ticket_system,client_tokens,access_token_hash,varchar(255),NO,NO,NOT NULL,NULL,NULL,Access token hash maintained for client tokens records.,FCI,,,
Ticket System,ad_prd_ticket_system,client_tokens,refresh_token_hash,varchar(255),NO,NO,NULL,NULL,NULL,Refresh token hash maintained for client tokens records.,FCI,,,
Ticket System,ad_prd_ticket_system,client_tokens,access_token_expires_at,datetime,NO,NO,NOT NULL,NULL,NULL,Timestamp for access token expires.,FCI,,,
Ticket System,ad_prd_ticket_system,client_tokens,refresh_token_expires_at,datetime,NO,NO,NULL,NULL,NULL,Timestamp for refresh token expires.,FCI,,,
Ticket System,ad_prd_ticket_system,client_tokens,issued_at,timestamp,NO,NO,NULL,NULL,NULL,Timestamp for issued.,FCI,,,
Ticket System,ad_prd_ticket_system,client_tokens,revoked_at,timestamp,NO,NO,NULL,NULL,NULL,Timestamp for revoked.,FCI,,,
Ticket System,ad_prd_ticket_system,district_master,district_code,varchar(10),YES,NO,NOT NULL,NULL,NULL,Code representing district.,FCI,,,
Ticket System,ad_prd_ticket_system,district_master,district_name,varchar(100),NO,NO,NOT NULL,NULL,NULL,Name of district.,FCI,,,
Ticket System,ad_prd_ticket_system,district_master,hrms_reg_code,varchar(10),NO,YES,NOT NULL,region_master,hrms_reg_code,Code representing hrms reg.,FCI,,,
Ticket System,ad_prd_ticket_system,division_history,division_history_id,varchar(36),YES,NO,NOT NULL,NULL,NULL,Reference identifier of the related division history.,FCI,,,
Ticket System,ad_prd_ticket_system,division_history,ticket_id,varchar(255),NO,YES,NOT NULL,tickets,ticket_id,Reference to the related ticket.,FCI,,,
Ticket System,ad_prd_ticket_system,division_history,updated_by,varchar(100),NO,NO,NULL,NULL,NULL,User who last updated this record.,FCI,,,
Ticket System,ad_prd_ticket_system,division_history,previous_division,varchar(20),NO,NO,NULL,NULL,NULL,Previous division maintained for division history records.,FCI,,,
Ticket System,ad_prd_ticket_system,division_history,current_division,varchar(20),NO,NO,NULL,NULL,NULL,Current division maintained for division history records.,FCI,,,
Ticket System,ad_prd_ticket_system,division_history,timestamp,timestamp,NO,NO,NULL,NULL,NULL,Timestamp maintained for division history records.,FCI,,,
Ticket System,ad_prd_ticket_system,division_history,remark,varchar(255),NO,NO,NULL,NULL,NULL,Remark maintained for division history records.,FCI,,,
Ticket System,ad_prd_ticket_system,division_master,division_id,varchar(20),YES,NO,NOT NULL,NULL,NULL,Reference identifier of the related division.,FCI,,,
Ticket System,ad_prd_ticket_system,division_master,division_name,varchar(255),NO,NO,NOT NULL,NULL,NULL,Name of division.,FCI,,,
Ticket System,ad_prd_ticket_system,division_master,division_code,varchar(50),NO,NO,NULL,NULL,NULL,Code representing division.,FCI,,,
Ticket System,ad_prd_ticket_system,division_master,description,varchar(500),NO,NO,NULL,NULL,NULL,Business description/details of the record.,FCI,,,
Ticket System,ad_prd_ticket_system,division_master,created_on,timestamp,NO,NO,NULL,NULL,NULL,Created on maintained for division master records.,FCI,,,
Ticket System,ad_prd_ticket_system,division_master,created_by,varchar(100),NO,NO,NULL,NULL,NULL,User who created this record.,FCI,,,
Ticket System,ad_prd_ticket_system,division_master,updated_on,timestamp,NO,NO,NULL,NULL,NULL,Updated on maintained for division master records.,FCI,,,
Ticket System,ad_prd_ticket_system,division_master,updated_by,varchar(100),NO,NO,NULL,NULL,NULL,User who last updated this record.,FCI,,,
Ticket System,ad_prd_ticket_system,division_master,is_active,char(1),NO,NO,NULL,NULL,NULL,Flag indicating whether the record is active.,FCI,,,
Ticket System,ad_prd_ticket_system,employee_levels,employee_id,int,NO,YES,NOT NULL,employees,employee_id,Reference identifier of the related employee.,FCI,,,
Ticket System,ad_prd_ticket_system,employee_levels,employee_id,int,YES,NO,NOT NULL,NULL,NULL,Reference identifier of the related employee.,FCI,,,
Ticket System,ad_prd_ticket_system,employee_levels,level_id,int,NO,YES,NOT NULL,levels,level_id,Reference identifier of the related level.,FCI,,,
Ticket System,ad_prd_ticket_system,employee_levels,level_id,int,YES,NO,NOT NULL,NULL,NULL,Reference identifier of the related level.,FCI,,,
Ticket System,ad_prd_ticket_system,employees,employee_id,int,YES,NO,NOT NULL,NULL,NULL,Reference identifier of the related employee.,FCI,,,
Ticket System,ad_prd_ticket_system,employees,name,varchar(100),NO,NO,NULL,NULL,NULL,Display name of the record.,FCI,,,
Ticket System,ad_prd_ticket_system,employees,email_id,varchar(100),NO,NO,NULL,NULL,NULL,Reference identifier of the related email.,FCI,,,
Ticket System,ad_prd_ticket_system,employees,mobile_no,varchar(15),NO,NO,NULL,NULL,NULL,Mobile no maintained for employees records.,FCI,,,
Ticket System,ad_prd_ticket_system,employees,office,varchar(100),NO,NO,NULL,NULL,NULL,Office maintained for employees records.,FCI,,,
Ticket System,ad_prd_ticket_system,employees,user_id,varchar(50),NO,NO,NULL,NULL,NULL,Reference to the related user.,FCI,,,
Ticket System,ad_prd_ticket_system,employees,password,varchar(255),NO,NO,NULL,NULL,NULL,Hashed password value.,FCI,,,
Ticket System,ad_prd_ticket_system,faqs,id,varchar(36),YES,NO,NOT NULL,NULL,NULL,Unique identifier for this record.,FCI,,,
Ticket System,ad_prd_ticket_system,faqs,question_en,text,NO,NO,NULL,NULL,NULL,Question en maintained for faqs records.,FCI,,,
Ticket System,ad_prd_ticket_system,faqs,question_hi,text,NO,NO,NULL,NULL,NULL,Question hi maintained for faqs records.,FCI,,,
Ticket System,ad_prd_ticket_system,faqs,answer_en,text,NO,NO,NULL,NULL,NULL,Answer en maintained for faqs records.,FCI,,,
Ticket System,ad_prd_ticket_system,faqs,answer_hi,text,NO,NO,NULL,NULL,NULL,Answer hi maintained for faqs records.,FCI,,,
Ticket System,ad_prd_ticket_system,faqs,keywords,text,NO,NO,NULL,NULL,NULL,Keywords maintained for faqs records.,FCI,,,
Ticket System,ad_prd_ticket_system,faqs,created_by,varchar(45),NO,NO,NULL,NULL,NULL,User who created this record.,FCI,,,
Ticket System,ad_prd_ticket_system,faqs,created_on,datetime,NO,NO,NULL,NULL,NULL,Created on maintained for faqs records.,FCI,,,
Ticket System,ad_prd_ticket_system,faqs,updated_by,varchar(45),NO,NO,NULL,NULL,NULL,User who last updated this record.,FCI,,,
Ticket System,ad_prd_ticket_system,faqs,updated_on,datetime,NO,NO,NULL,NULL,NULL,Updated on maintained for faqs records.,FCI,,,
Ticket System,ad_prd_ticket_system,filegator_users,user_id,varchar(100),NO,YES,NOT NULL,users,user_id,Reference to the related user.,FCI,,,
Ticket System,ad_prd_ticket_system,filegator_users,user_id,varchar(100),YES,NO,NOT NULL,NULL,NULL,Reference to the related user.,FCI,,,
Ticket System,ad_prd_ticket_system,filegator_users,permissions,varchar(200),NO,NO,NOT NULL,NULL,NULL,Permissions maintained for filegator users records.,FCI,,,
Ticket System,ad_prd_ticket_system,filegator_users,homedir,varchar(2000),NO,NO,NOT NULL,NULL,NULL,Homedir maintained for filegator users records.,FCI,,,
Ticket System,ad_prd_ticket_system,headquarter_master,headquarter_code,varchar(10),YES,NO,NOT NULL,NULL,NULL,Code representing headquarter.,FCI,,,
Ticket System,ad_prd_ticket_system,headquarter_master,headquarter_name,varchar(100),NO,NO,NOT NULL,NULL,NULL,Name of headquarter.,FCI,,,
Ticket System,ad_prd_ticket_system,headquarter_master,hrms_headquarter_code,varchar(10),NO,NO,NOT NULL,NULL,NULL,Code representing hrms headquarter.,FCI,,,
Ticket System,ad_prd_ticket_system,helpdesk_support_levels,hl_id,tinyint unsigned,YES,NO,NOT NULL,NULL,NULL,Reference identifier of the related hl.,FCI,,,
Ticket System,ad_prd_ticket_system,helpdesk_support_levels,hl_level,varchar(3),NO,NO,NOT NULL,NULL,NULL,Hl level maintained for helpdesk support levels records.,FCI,,,
Ticket System,ad_prd_ticket_system,helpdesk_support_levels,hl_name,varchar(80),NO,NO,NOT NULL,NULL,NULL,Name of hl.,FCI,,,
Ticket System,ad_prd_ticket_system,helpdesk_support_levels,hl_descriptions,text,NO,NO,NOT NULL,NULL,NULL,Hl descriptions maintained for helpdesk support levels records.,FCI,,,
Ticket System,ad_prd_ticket_system,helpdesk_support_levels,st_id,tinyint unsigned,NO,NO,NULL,NULL,NULL,Reference identifier of the related st.,FCI,,,
Ticket System,ad_prd_ticket_system,helpdesk_support_levels,hl_active_flg,"enum('Y','N')",NO,NO,NOT NULL,NULL,NULL,Hl active flg maintained for helpdesk support levels records.,FCI,,,
Ticket System,ad_prd_ticket_system,issue_type_master,issue_type_id,varchar(3),YES,NO,NOT NULL,NULL,NULL,Reference identifier of the related issue type.,FCI,,,
Ticket System,ad_prd_ticket_system,issue_type_master,name,varchar(100),NO,NO,NOT NULL,NULL,NULL,Display name of the record.,FCI,,,
Ticket System,ad_prd_ticket_system,issue_type_master,description,varchar(255),NO,NO,NULL,NULL,NULL,Business description/details of the record.,FCI,,,
Ticket System,ad_prd_ticket_system,issue_type_master,is_active,tinyint(1),NO,NO,NOT NULL,NULL,NULL,Flag indicating whether the record is active.,FCI,,,
Ticket System,ad_prd_ticket_system,issue_type_master,created_at,datetime,NO,NO,NOT NULL,NULL,NULL,Timestamp when this record was created.,FCI,,,
Ticket System,ad_prd_ticket_system,issue_type_master,updated_at,datetime,NO,NO,NOT NULL,NULL,NULL,Timestamp when this record was last updated.,FCI,,,
Ticket System,ad_prd_ticket_system,issue_type_master,sla_flag,tinyint(1),NO,NO,NULL,NULL,NULL,Sla flag maintained for issue type master records.,FCI,,,
Ticket System,ad_prd_ticket_system,knowledge_base,id,varchar(36),YES,NO,NOT NULL,NULL,NULL,Unique identifier for this record.,FCI,,,
Ticket System,ad_prd_ticket_system,knowledge_base,title,varchar(255),NO,NO,NULL,NULL,NULL,Short title of the ticket/record.,FCI,,,
Ticket System,ad_prd_ticket_system,knowledge_base,description,text,NO,NO,NULL,NULL,NULL,Business description/details of the record.,FCI,,,
Ticket System,ad_prd_ticket_system,knowledge_base,type,varchar(100),NO,NO,NULL,NULL,NULL,Type maintained for knowledge base records.,FCI,,,
Ticket System,ad_prd_ticket_system,knowledge_base,attachment_path,varchar(255),NO,NO,NULL,NULL,NULL,Attachment path maintained for knowledge base records.,FCI,,,
Ticket System,ad_prd_ticket_system,levels,level_id,int,YES,NO,NOT NULL,NULL,NULL,Reference identifier of the related level.,FCI,,,
Ticket System,ad_prd_ticket_system,levels,level_name,varchar(50),NO,NO,NULL,NULL,NULL,Name of level.,FCI,,,
Ticket System,ad_prd_ticket_system,mode_master,mode_id,varchar(10),YES,NO,NOT NULL,NULL,NULL,Reference identifier of the related mode.,FCI,,,
Ticket System,ad_prd_ticket_system,mode_master,mode_label,varchar(50),NO,NO,NOT NULL,NULL,NULL,Mode label maintained for mode master records.,FCI,,,
Ticket System,ad_prd_ticket_system,mode_master,mode_code,varchar(50),NO,NO,NOT NULL,NULL,NULL,Code representing mode.,FCI,,,
Ticket System,ad_prd_ticket_system,notification,notification_id,bigint,YES,NO,NOT NULL,NULL,NULL,Reference identifier of the related notification.,FCI,,,
Ticket System,ad_prd_ticket_system,notification,type_id,int,NO,YES,NOT NULL,notification_master,id,Reference identifier of the related type.,FCI,,,
Ticket System,ad_prd_ticket_system,notification,title,varchar(200),NO,NO,NOT NULL,NULL,NULL,Short title of the ticket/record.,FCI,,,
Ticket System,ad_prd_ticket_system,notification,message,text,NO,NO,NULL,NULL,NULL,Message maintained for notification records.,FCI,,,
Ticket System,ad_prd_ticket_system,notification,data,json,NO,NO,NULL,NULL,NULL,Data maintained for notification records.,FCI,,,
Ticket System,ad_prd_ticket_system,notification,ticket_id,varchar(36),NO,NO,NULL,NULL,NULL,Reference to the related ticket.,FCI,,,
Ticket System,ad_prd_ticket_system,notification,created_by,varchar(100),NO,YES,NULL,users,user_id,User who created this record.,FCI,,,
Ticket System,ad_prd_ticket_system,notification,created_at,datetime(6),NO,NO,NOT NULL,NULL,NULL,Timestamp when this record was created.,FCI,,,
Ticket System,ad_prd_ticket_system,notification_master,id,int,YES,NO,NOT NULL,NULL,NULL,Unique identifier for this record.,FCI,,,
Ticket System,ad_prd_ticket_system,notification_master,code,varchar(64),NO,NO,NOT NULL,NULL,NULL,Code maintained for notification master records.,FCI,,,
Ticket System,ad_prd_ticket_system,notification_master,name,varchar(128),NO,NO,NOT NULL,NULL,NULL,Display name of the record.,FCI,,,
Ticket System,ad_prd_ticket_system,notification_master,description,varchar(512),NO,NO,NULL,NULL,NULL,Business description/details of the record.,FCI,,,
Ticket System,ad_prd_ticket_system,notification_master,default_title_tpl,varchar(256),NO,NO,NULL,NULL,NULL,Default title tpl maintained for notification master records.,FCI,,,
Ticket System,ad_prd_ticket_system,notification_master,default_message_tpl,text,NO,NO,NULL,NULL,NULL,Default message tpl maintained for notification master records.,FCI,,,
Ticket System,ad_prd_ticket_system,notification_master,email_template,varchar(128),NO,NO,NULL,NULL,NULL,Email template maintained for notification master records.,FCI,,,
Ticket System,ad_prd_ticket_system,notification_master,sms_template,varchar(128),NO,NO,NULL,NULL,NULL,Sms template maintained for notification master records.,FCI,,,
Ticket System,ad_prd_ticket_system,notification_master,inapp_template,varchar(128),NO,NO,NULL,NULL,NULL,Inapp template maintained for notification master records.,FCI,,,
Ticket System,ad_prd_ticket_system,notification_master,default_channels,json,NO,NO,NULL,NULL,NULL,Default channels maintained for notification master records.,FCI,,,
Ticket System,ad_prd_ticket_system,notification_master,is_active,bit(1),NO,NO,NOT NULL,NULL,NULL,Flag indicating whether the record is active.,FCI,,,
Ticket System,ad_prd_ticket_system,notification_master,created_at,datetime(6),NO,NO,NOT NULL,NULL,NULL,Timestamp when this record was created.,FCI,,,
Ticket System,ad_prd_ticket_system,notification_master,updated_at,datetime(6),NO,NO,NOT NULL,NULL,NULL,Timestamp when this record was last updated.,FCI,,,
Ticket System,ad_prd_ticket_system,notification_recipient,id,int,YES,NO,NOT NULL,NULL,NULL,Unique identifier for this record.,FCI,,,
Ticket System,ad_prd_ticket_system,notification_recipient,notification_id,bigint,NO,YES,NOT NULL,notification,notification_id,Reference identifier of the related notification.,FCI,,,
Ticket System,ad_prd_ticket_system,notification_recipient,notification_id,bigint,NO,NO,NOT NULL,NULL,NULL,Reference identifier of the related notification.,FCI,,,
Ticket System,ad_prd_ticket_system,notification_recipient,recipient_user_id,varchar(100),NO,NO,NOT NULL,NULL,NULL,Reference identifier of the related recipient user.,FCI,,,
Ticket System,ad_prd_ticket_system,notification_recipient,is_read,bit(1),NO,NO,NULL,NULL,NULL,Boolean flag indicating whether read.,FCI,,,
Ticket System,ad_prd_ticket_system,notification_recipient,read_at,datetime(6),NO,NO,NULL,NULL,NULL,Timestamp for read.,FCI,,,
Ticket System,ad_prd_ticket_system,notification_recipient,created_at,datetime(6),NO,NO,NOT NULL,NULL,NULL,Timestamp when this record was created.,FCI,,,
Ticket System,ad_prd_ticket_system,notification_recipient,updated_at,datetime(6),NO,NO,NOT NULL,NULL,NULL,Timestamp when this record was last updated.,FCI,,,
Ticket System,ad_prd_ticket_system,notification_recipient,soft_deleted,bit(1),NO,NO,NULL,NULL,NULL,Soft deleted maintained for notification recipient records.,FCI,,,
Ticket System,ad_prd_ticket_system,parameter_master,parameter_id,varchar(2),YES,NO,NOT NULL,NULL,NULL,Reference identifier of the related parameter.,FCI,,,
Ticket System,ad_prd_ticket_system,parameter_master,code,varchar(50),NO,NO,NOT NULL,NULL,NULL,Code maintained for parameter master records.,FCI,,,
Ticket System,ad_prd_ticket_system,parameter_master,label,varchar(100),NO,NO,NOT NULL,NULL,NULL,Label maintained for parameter master records.,FCI,,,
Ticket System,ad_prd_ticket_system,parameter_master,description,varchar(255),NO,NO,NULL,NULL,NULL,Business description/details of the record.,FCI,,,
Ticket System,ad_prd_ticket_system,parameter_master,parameter_key,varchar(45),NO,NO,NULL,NULL,NULL,Parameter key maintained for parameter master records.,FCI,,,
Ticket System,ad_prd_ticket_system,priority_master,tp_id,varchar(2),YES,NO,NOT NULL,NULL,NULL,Reference identifier of the related tp.,FCI,,,
Ticket System,ad_prd_ticket_system,priority_master,tp_level,varchar(80),NO,NO,NOT NULL,NULL,NULL,Tp level maintained for priority master records.,FCI,,,
Ticket System,ad_prd_ticket_system,priority_master,tp_description,text,NO,NO,NOT NULL,NULL,NULL,Tp description maintained for priority master records.,FCI,,,
Ticket System,ad_prd_ticket_system,priority_master,tp_weightage,tinyint unsigned,NO,NO,NOT NULL,NULL,NULL,Tp weightage maintained for priority master records.,FCI,,,
Ticket System,ad_prd_ticket_system,priority_master,tp_active_flg,"enum('Y','N')",NO,NO,NOT NULL,NULL,NULL,Tp active flg maintained for priority master records.,FCI,,,
Ticket System,ad_prd_ticket_system,recommended_severity_flow,recommended_severity_flow_id,bigint,YES,NO,NOT NULL,NULL,NULL,Reference identifier of the related recommended severity flow.,FCI,,,
Ticket System,ad_prd_ticket_system,recommended_severity_flow,ticket_id,varchar(36),NO,YES,NOT NULL,tickets,ticket_id,Reference to the related ticket.,FCI,,,
Ticket System,ad_prd_ticket_system,recommended_severity_flow,severity,varchar(50),NO,NO,NULL,NULL,NULL,Severity assigned to the record.,FCI,,,
Ticket System,ad_prd_ticket_system,recommended_severity_flow,recommended_severity,varchar(50),NO,NO,NULL,NULL,NULL,Recommended severity maintained for recommended severity flow records.,FCI,,,
Ticket System,ad_prd_ticket_system,recommended_severity_flow,severity_recommended_by,varchar(100),NO,NO,NULL,NULL,NULL,Severity recommended by maintained for recommended severity flow records.,FCI,,,
Ticket System,ad_prd_ticket_system,recommended_severity_flow,recommended_severity_status,varchar(50),NO,NO,NULL,NULL,NULL,Status of recommended severity.,FCI,,,
Ticket System,ad_prd_ticket_system,recommended_severity_flow,severity_approved_by,varchar(100),NO,NO,NULL,NULL,NULL,Severity approved by maintained for recommended severity flow records.,FCI,,,
Ticket System,ad_prd_ticket_system,region_master,region_code,varchar(10),YES,NO,NOT NULL,NULL,NULL,Code representing region.,FCI,,,
Ticket System,ad_prd_ticket_system,region_master,region_name,varchar(100),NO,NO,NOT NULL,NULL,NULL,Name of region.,FCI,,,
Ticket System,ad_prd_ticket_system,region_master,hrms_reg_code,varchar(10),NO,NO,NOT NULL,NULL,NULL,Code representing hrms reg.,FCI,,,
Ticket System,ad_prd_ticket_system,region_master,zone_code,varchar(10),NO,YES,NOT NULL,zone_master,zone_code,Code representing zone.,FCI,,,
Ticket System,ad_prd_ticket_system,region_master,hrms_zone_code,varchar(10),NO,YES,NOT NULL,zone_master,hrms_zone_code,Code representing hrms zone.,FCI,,,
Ticket System,ad_prd_ticket_system,requester_users,requester_user_id,varchar(100),YES,NO,NOT NULL,NULL,NULL,Reference identifier of the related requester user.,FCI,,,
Ticket System,ad_prd_ticket_system,requester_users,name,varchar(100),NO,NO,NULL,NULL,NULL,Display name of the record.,FCI,,,
Ticket System,ad_prd_ticket_system,requester_users,email_id,varchar(100),NO,NO,NULL,NULL,NULL,Reference identifier of the related email.,FCI,,,
Ticket System,ad_prd_ticket_system,requester_users,mobile_no,varchar(15),NO,NO,NULL,NULL,NULL,Mobile no maintained for requester users records.,FCI,,,
Ticket System,ad_prd_ticket_system,requester_users,office,varchar(100),NO,NO,NULL,NULL,NULL,Office maintained for requester users records.,FCI,,,
Ticket System,ad_prd_ticket_system,requester_users,username,varchar(50),NO,NO,NULL,NULL,NULL,Username maintained for requester users records.,FCI,,,
Ticket System,ad_prd_ticket_system,requester_users,password,varchar(255),NO,NO,NULL,NULL,NULL,Hashed password value.,FCI,,,
Ticket System,ad_prd_ticket_system,requester_users,roles,varchar(255),NO,NO,NULL,NULL,NULL,Roles maintained for requester users records.,FCI,,,
Ticket System,ad_prd_ticket_system,requester_users,stakeholder,varchar(50),NO,NO,NULL,NULL,NULL,Stakeholder maintained for requester users records.,FCI,,,
Ticket System,ad_prd_ticket_system,requester_users,first_name,varchar(100),NO,NO,NULL,NULL,NULL,Name of first.,FCI,,,
Ticket System,ad_prd_ticket_system,requester_users,middle_name,varchar(100),NO,NO,NULL,NULL,NULL,Name of middle.,FCI,,,
Ticket System,ad_prd_ticket_system,requester_users,last_name,varchar(100),NO,NO,NULL,NULL,NULL,Name of last.,FCI,,,
Ticket System,ad_prd_ticket_system,requester_users,date_of_joining,datetime,NO,NO,NULL,NULL,NULL,Date of joining maintained for requester users records.,FCI,,,
Ticket System,ad_prd_ticket_system,requester_users,date_of_retirement,datetime,NO,NO,NULL,NULL,NULL,Date of retirement maintained for requester users records.,FCI,,,
Ticket System,ad_prd_ticket_system,requester_users,office_type,varchar(20),NO,NO,NULL,NULL,NULL,Type/category of office.,FCI,,,
Ticket System,ad_prd_ticket_system,requester_users,office_code,varchar(20),NO,NO,NULL,NULL,NULL,Code representing office.,FCI,,,
Ticket System,ad_prd_ticket_system,requester_users,zone_code,varchar(2),NO,NO,NULL,NULL,NULL,Code representing zone.,FCI,,,
Ticket System,ad_prd_ticket_system,requester_users,district_code,varchar(6),NO,NO,NULL,NULL,NULL,Code representing district.,FCI,,,
Ticket System,ad_prd_ticket_system,requester_users,region_code,varchar(3),NO,NO,NULL,NULL,NULL,Code representing region.,FCI,,,
Ticket System,ad_prd_ticket_system,requester_users,active,tinyint(1),NO,NO,NULL,NULL,NULL,Active maintained for requester users records.,FCI,,,
Ticket System,ad_prd_ticket_system,requestors,requestor_id,varchar(36),YES,NO,NOT NULL,NULL,NULL,Reference to the requestor user.,FCI,,,
Ticket System,ad_prd_ticket_system,requestors,name,varchar(100),NO,NO,NULL,NULL,NULL,Display name of the record.,FCI,,,
Ticket System,ad_prd_ticket_system,requestors,email_id,varchar(100),NO,NO,NULL,NULL,NULL,Reference identifier of the related email.,FCI,,,
Ticket System,ad_prd_ticket_system,requestors,mobile_no,varchar(15),NO,NO,NULL,NULL,NULL,Mobile no maintained for requestors records.,FCI,,,
Ticket System,ad_prd_ticket_system,requestors,stakeholder_type,varchar(50),NO,NO,NULL,NULL,NULL,Type/category of stakeholder.,FCI,,,
Ticket System,ad_prd_ticket_system,rno_appointed_users,rno_appointed_user_id,varchar(100),YES,NO,NOT NULL,NULL,NULL,Reference identifier of the related rno appointed user.,FCI,,,
Ticket System,ad_prd_ticket_system,rno_appointed_users,requester_user_id,varchar(100),NO,YES,NOT NULL,requester_users,requester_user_id,Reference identifier of the related requester user.,FCI,,,
Ticket System,ad_prd_ticket_system,rno_appointed_users,office_code,varchar(20),NO,NO,NULL,NULL,NULL,Code representing office.,FCI,,,
Ticket System,ad_prd_ticket_system,rno_appointed_users,office_type,varchar(20),NO,NO,NULL,NULL,NULL,Type/category of office.,FCI,,,
Ticket System,ad_prd_ticket_system,rno_appointed_users,region_code,varchar(3),NO,NO,NULL,NULL,NULL,Code representing region.,FCI,,,
Ticket System,ad_prd_ticket_system,rno_appointed_users,active,tinyint(1),NO,NO,NULL,NULL,NULL,Active maintained for rno appointed users records.,FCI,,,
Ticket System,ad_prd_ticket_system,rno_appointed_users,created_by,varchar(100),NO,NO,NULL,NULL,NULL,User who created this record.,FCI,,,
Ticket System,ad_prd_ticket_system,rno_appointed_users,created_on,datetime,NO,NO,NOT NULL,NULL,NULL,Created on maintained for rno appointed users records.,FCI,,,
Ticket System,ad_prd_ticket_system,rno_appointed_users,updated_by,varchar(100),NO,NO,NULL,NULL,NULL,User who last updated this record.,FCI,,,
Ticket System,ad_prd_ticket_system,rno_appointed_users,updated_on,datetime,NO,NO,NOT NULL,NULL,NULL,Updated on maintained for rno appointed users records.,FCI,,,
Ticket System,ad_prd_ticket_system,rno_appointed_users_history,rno_appointed_user_history_id,varchar(100),YES,NO,NOT NULL,NULL,NULL,Reference identifier of the related rno appointed user history.,FCI,,,
Ticket System,ad_prd_ticket_system,rno_appointed_users_history,rno_appointed_user_id,varchar(100),NO,YES,NULL,rno_appointed_users,rno_appointed_user_id,Reference identifier of the related rno appointed user.,FCI,,,
Ticket System,ad_prd_ticket_system,rno_appointed_users_history,requester_user_id,varchar(100),NO,YES,NULL,requester_users,requester_user_id,Reference identifier of the related requester user.,FCI,,,
Ticket System,ad_prd_ticket_system,rno_appointed_users_history,office_code,varchar(20),NO,NO,NULL,NULL,NULL,Code representing office.,FCI,,,
Ticket System,ad_prd_ticket_system,rno_appointed_users_history,office_type,varchar(20),NO,NO,NULL,NULL,NULL,Type/category of office.,FCI,,,
Ticket System,ad_prd_ticket_system,rno_appointed_users_history,region_code,varchar(3),NO,NO,NULL,NULL,NULL,Code representing region.,FCI,,,
Ticket System,ad_prd_ticket_system,rno_appointed_users_history,active,tinyint(1),NO,NO,NULL,NULL,NULL,Active maintained for rno appointed users history records.,FCI,,,
Ticket System,ad_prd_ticket_system,rno_appointed_users_history,created_by,varchar(100),NO,NO,NULL,NULL,NULL,User who created this record.,FCI,,,
Ticket System,ad_prd_ticket_system,rno_appointed_users_history,created_on,datetime,NO,NO,NULL,NULL,NULL,Created on maintained for rno appointed users history records.,FCI,,,
Ticket System,ad_prd_ticket_system,rno_appointed_users_history,updated_by,varchar(100),NO,NO,NULL,NULL,NULL,User who last updated this record.,FCI,,,
Ticket System,ad_prd_ticket_system,rno_appointed_users_history,updated_on,datetime,NO,NO,NULL,NULL,NULL,Updated on maintained for rno appointed users history records.,FCI,,,
Ticket System,ad_prd_ticket_system,rno_appointed_users_history,history_recorded_on,datetime,NO,NO,NOT NULL,NULL,NULL,History recorded on maintained for rno appointed users history records.,FCI,,,
Ticket System,ad_prd_ticket_system,role_level,role_id,int,YES,NO,NOT NULL,NULL,NULL,Reference to the related role.,FCI,,,
Ticket System,ad_prd_ticket_system,role_level,role_id,int,NO,YES,NOT NULL,role_permission_config,role_id,Reference to the related role.,FCI,,,
Ticket System,ad_prd_ticket_system,role_level,level_ids,varchar(50),NO,NO,NULL,NULL,NULL,Level ids maintained for role level records.,FCI,,,
Ticket System,ad_prd_ticket_system,role_permission_config,role,varchar(100),NO,NO,NOT NULL,NULL,NULL,Role maintained for role permission config records.,FCI,,,
Ticket System,ad_prd_ticket_system,role_permission_config,permissions,json,NO,NO,NOT NULL,NULL,NULL,Permissions maintained for role permission config records.,FCI,,,
Ticket System,ad_prd_ticket_system,role_permission_config,updated_on,timestamp,NO,NO,NULL,NULL,NULL,Updated on maintained for role permission config records.,FCI,,,
Ticket System,ad_prd_ticket_system,role_permission_config,created_on,timestamp,NO,NO,NULL,NULL,NULL,Created on maintained for role permission config records.,FCI,,,
Ticket System,ad_prd_ticket_system,role_permission_config,updated_by,varchar(100),NO,NO,NULL,NULL,NULL,User who last updated this record.,FCI,,,
Ticket System,ad_prd_ticket_system,role_permission_config,created_by,varchar(100),NO,NO,NULL,NULL,NULL,User who created this record.,FCI,,,
Ticket System,ad_prd_ticket_system,role_permission_config,is_deleted,tinyint,NO,NO,NOT NULL,NULL,NULL,Boolean flag indicating whether deleted.,FCI,,,
Ticket System,ad_prd_ticket_system,role_permission_config,allowed_status_action_ids,varchar(100),NO,NO,NULL,NULL,NULL,Allowed status action ids maintained for role permission config records.,FCI,,,
Ticket System,ad_prd_ticket_system,role_permission_config,description,varchar(255),NO,NO,NULL,NULL,NULL,Business description/details of the record.,FCI,,,
Ticket System,ad_prd_ticket_system,role_permission_config,role_id,int,YES,NO,NOT NULL,NULL,NULL,Reference to the related role.,FCI,,,
Ticket System,ad_prd_ticket_system,role_permission_config,parameter_ids,varchar(100),NO,NO,NULL,NULL,NULL,Parameter ids maintained for role permission config records.,FCI,,,
Ticket System,ad_prd_ticket_system,roles,role_id,varchar(100),YES,NO,NOT NULL,NULL,NULL,Reference to the related role.,FCI,,,
Ticket System,ad_prd_ticket_system,roles,role_name,varchar(50),NO,NO,NULL,NULL,NULL,Name of role.,FCI,,,
Ticket System,ad_prd_ticket_system,root_cause_analysis,rca_id,varchar(36),YES,NO,NOT NULL,NULL,NULL,Reference identifier of the related rca.,FCI,,,
Ticket System,ad_prd_ticket_system,root_cause_analysis,ticket_id,varchar(36),NO,YES,NOT NULL,tickets,ticket_id,Reference to the related ticket.,FCI,,,
Ticket System,ad_prd_ticket_system,root_cause_analysis,ticket_id,varchar(36),NO,NO,NOT NULL,NULL,NULL,Reference to the related ticket.,FCI,,,
Ticket System,ad_prd_ticket_system,root_cause_analysis,severity_id,varchar(10),NO,NO,NULL,NULL,NULL,Reference identifier of the related severity.,FCI,,,
Ticket System,ad_prd_ticket_system,root_cause_analysis,description_of_cause,text,NO,NO,NULL,NULL,NULL,Description of cause maintained for root cause analysis records.,FCI,,,
Ticket System,ad_prd_ticket_system,root_cause_analysis,resolution_description,text,NO,NO,NULL,NULL,NULL,Resolution description maintained for root cause analysis records.,FCI,,,
Ticket System,ad_prd_ticket_system,root_cause_analysis,attachment_paths,text,NO,NO,NULL,NULL,NULL,Attachment paths maintained for root cause analysis records.,FCI,,,
Ticket System,ad_prd_ticket_system,root_cause_analysis,created_by,varchar(100),NO,NO,NULL,NULL,NULL,User who created this record.,FCI,,,
Ticket System,ad_prd_ticket_system,root_cause_analysis,created_at,datetime,NO,NO,NULL,NULL,NULL,Timestamp when this record was created.,FCI,,,
Ticket System,ad_prd_ticket_system,root_cause_analysis,updated_by,varchar(100),NO,NO,NULL,NULL,NULL,User who last updated this record.,FCI,,,
Ticket System,ad_prd_ticket_system,root_cause_analysis,updated_at,datetime,NO,NO,NULL,NULL,NULL,Timestamp when this record was last updated.,FCI,,,
Ticket System,ad_prd_ticket_system,severity_master,ts_id,varchar(2),YES,NO,NOT NULL,NULL,NULL,Reference identifier of the related ts.,FCI,,,
Ticket System,ad_prd_ticket_system,severity_master,ts_level,varchar(40),NO,NO,NOT NULL,NULL,NULL,Ts level maintained for severity master records.,FCI,,,
Ticket System,ad_prd_ticket_system,severity_master,ts_description,text,NO,NO,NOT NULL,NULL,NULL,Ts description maintained for severity master records.,FCI,,,
Ticket System,ad_prd_ticket_system,severity_master,ts_weightage,tinyint unsigned,NO,NO,NOT NULL,NULL,NULL,Ts weightage maintained for severity master records.,FCI,,,
Ticket System,ad_prd_ticket_system,severity_master,ts_active_flg,"enum('Y','N')",NO,NO,NOT NULL,NULL,NULL,Ts active flg maintained for severity master records.,FCI,,,
Ticket System,ad_prd_ticket_system,sla_calculation_job_run,sla_calculation_job_run_id,varchar(36),YES,NO,NOT NULL,NULL,NULL,Reference identifier of the related sla calculation job run.,FCI,,,
Ticket System,ad_prd_ticket_system,sla_calculation_job_run,trigger_type,varchar(20),NO,NO,NOT NULL,NULL,NULL,Type/category of trigger.,FCI,,,
Ticket System,ad_prd_ticket_system,sla_calculation_job_run,scope,varchar(30),NO,NO,NOT NULL,NULL,NULL,Scope maintained for sla calculation job run records.,FCI,,,
Ticket System,ad_prd_ticket_system,sla_calculation_job_run,run_status,varchar(40),NO,NO,NOT NULL,NULL,NULL,Execution status of the scheduled job.,FCI,,,
Ticket System,ad_prd_ticket_system,sla_calculation_job_run,triggered_by,varchar(120),NO,NO,NULL,NULL,NULL,Triggered by maintained for sla calculation job run records.,FCI,,,
Ticket System,ad_prd_ticket_system,sla_calculation_job_run,started_at,datetime,NO,NO,NOT NULL,NULL,NULL,Timestamp for started.,FCI,,,
Ticket System,ad_prd_ticket_system,sla_calculation_job_run,completed_at,datetime,NO,NO,NULL,NULL,NULL,Timestamp for completed.,FCI,,,
Ticket System,ad_prd_ticket_system,sla_calculation_job_run,duration_ms,bigint,NO,NO,NULL,NULL,NULL,Duration ms maintained for sla calculation job run records.,FCI,,,
Ticket System,ad_prd_ticket_system,sla_calculation_job_run,total_candidate_tickets,bigint,NO,NO,NULL,NULL,NULL,Total candidate tickets maintained for sla calculation job run records.,FCI,,,
Ticket System,ad_prd_ticket_system,sla_calculation_job_run,processed_tickets,bigint,NO,NO,NULL,NULL,NULL,Processed tickets maintained for sla calculation job run records.,FCI,,,
Ticket System,ad_prd_ticket_system,sla_calculation_job_run,succeeded_tickets,bigint,NO,NO,NULL,NULL,NULL,Succeeded tickets maintained for sla calculation job run records.,FCI,,,
Ticket System,ad_prd_ticket_system,sla_calculation_job_run,failed_tickets,bigint,NO,NO,NULL,NULL,NULL,Failed tickets maintained for sla calculation job run records.,FCI,,,
Ticket System,ad_prd_ticket_system,sla_calculation_job_run,batch_size,int,NO,NO,NULL,NULL,NULL,Batch size maintained for sla calculation job run records.,FCI,,,
Ticket System,ad_prd_ticket_system,sla_calculation_job_run,error_summary,varchar(4000),NO,NO,NULL,NULL,NULL,Error summary maintained for sla calculation job run records.,FCI,,,
Ticket System,ad_prd_ticket_system,sla_config,sla_id,varchar(36),YES,NO,NOT NULL,NULL,NULL,Reference identifier of the related sla.,FCI,,,
Ticket System,ad_prd_ticket_system,sla_config,severity_level,varchar(10),NO,NO,NOT NULL,NULL,NULL,Severity level maintained for sla config records.,FCI,,,
Ticket System,ad_prd_ticket_system,sla_config,response_minutes,bigint,NO,NO,NULL,NULL,NULL,Response minutes maintained for sla config records.,FCI,,,
Ticket System,ad_prd_ticket_system,sla_config,resolution_minutes,bigint,NO,NO,NULL,NULL,NULL,Resolution minutes maintained for sla config records.,FCI,,,
Ticket System,ad_prd_ticket_system,stakeholder,stakeholder_id,int,YES,NO,NOT NULL,NULL,NULL,Reference identifier of the related stakeholder.,FCI,,,
Ticket System,ad_prd_ticket_system,stakeholder,description,varchar(100),NO,NO,NOT NULL,NULL,NULL,Business description/details of the record.,FCI,,,
Ticket System,ad_prd_ticket_system,stakeholder,sg_id,int,NO,YES,NOT NULL,stakeholder_group,sg_id,Reference identifier of the related sg.,FCI,,,
Ticket System,ad_prd_ticket_system,stakeholder,is_active,char(1),NO,NO,NOT NULL,NULL,NULL,Flag indicating whether the record is active.,FCI,,,
Ticket System,ad_prd_ticket_system,stakeholder_group,sg_id,int,YES,NO,NOT NULL,NULL,NULL,Reference identifier of the related sg.,FCI,,,
Ticket System,ad_prd_ticket_system,stakeholder_group,description,varchar(100),NO,NO,NOT NULL,NULL,NULL,Business description/details of the record.,FCI,,,
Ticket System,ad_prd_ticket_system,stakeholder_group,is_active,char(1),NO,NO,NOT NULL,NULL,NULL,Flag indicating whether the record is active.,FCI,,,
Ticket System,ad_prd_ticket_system,status_history,status_history_id,varchar(36),YES,NO,NOT NULL,NULL,NULL,Reference identifier of the related status history.,FCI,,,
Ticket System,ad_prd_ticket_system,status_history,ticket_id,varchar(36),NO,YES,NOT NULL,tickets,ticket_id,Reference to the related ticket.,FCI,,,
Ticket System,ad_prd_ticket_system,status_history,updated_by,varchar(100),NO,NO,NOT NULL,NULL,NULL,User who last updated this record.,FCI,,,
Ticket System,ad_prd_ticket_system,status_history,previous_status,varchar(50),NO,NO,NULL,NULL,NULL,Status of previous.,FCI,,,
Ticket System,ad_prd_ticket_system,status_history,current_status,varchar(50),NO,NO,NULL,NULL,NULL,Status of current.,FCI,,,
Ticket System,ad_prd_ticket_system,status_history,timestamp,datetime,NO,NO,NULL,NULL,NULL,Timestamp maintained for status history records.,FCI,,,
Ticket System,ad_prd_ticket_system,status_history,sla_flag,tinyint,NO,NO,NULL,NULL,NULL,Sla flag maintained for status history records.,FCI,,,
Ticket System,ad_prd_ticket_system,status_history,remark,varchar(255),NO,NO,NULL,NULL,NULL,Remark maintained for status history records.,FCI,,,
Ticket System,ad_prd_ticket_system,status_master,status_id,int,YES,NO,NOT NULL,NULL,NULL,Reference identifier of the related status.,FCI,,,
Ticket System,ad_prd_ticket_system,status_master,status_name,varchar(100),NO,NO,NULL,NULL,NULL,Name of status.,FCI,,,
Ticket System,ad_prd_ticket_system,status_master,label,varchar(50),NO,NO,NULL,NULL,NULL,Label maintained for status master records.,FCI,,,
Ticket System,ad_prd_ticket_system,status_master,status_code,varchar(50),NO,NO,NULL,NULL,NULL,Code representing status.,FCI,,,
Ticket System,ad_prd_ticket_system,status_master,sla_flag,tinyint(1),NO,NO,NULL,NULL,NULL,Sla flag maintained for status master records.,FCI,,,
Ticket System,ad_prd_ticket_system,status_master,description,varchar(255),NO,NO,NULL,NULL,NULL,Business description/details of the record.,FCI,,,
Ticket System,ad_prd_ticket_system,status_master,color,varchar(7),NO,NO,NULL,NULL,NULL,Color maintained for status master records.,FCI,,,
Ticket System,ad_prd_ticket_system,sub_categories,sub_category_id,varchar(36),YES,NO,NOT NULL,NULL,NULL,Reference to the related sub-category.,FCI,,,
Ticket System,ad_prd_ticket_system,sub_categories,sub_category,varchar(100),NO,NO,NOT NULL,NULL,NULL,Sub category maintained for sub categories records.,FCI,,,
Ticket System,ad_prd_ticket_system,sub_categories,description,text,NO,NO,NULL,NULL,NULL,Business description/details of the record.,FCI,,,
Ticket System,ad_prd_ticket_system,sub_categories,created_by,varchar(100),NO,NO,NULL,NULL,NULL,User who created this record.,FCI,,,
Ticket System,ad_prd_ticket_system,sub_categories,timestamp,timestamp,NO,NO,NULL,NULL,NULL,Timestamp maintained for sub categories records.,FCI,,,
Ticket System,ad_prd_ticket_system,sub_categories,category_id,varchar(36),NO,YES,NULL,categories,category_id,Reference to the related category.,FCI,,,
Ticket System,ad_prd_ticket_system,sub_categories,severity_id,varchar(3),NO,NO,NULL,NULL,NULL,Reference identifier of the related severity.,FCI,,,
Ticket System,ad_prd_ticket_system,sub_categories,is_active,"enum('Y','N')",NO,NO,NOT NULL,NULL,NULL,Flag indicating whether the record is active.,FCI,,,
Ticket System,ad_prd_ticket_system,sub_categories,last_updated,timestamp,NO,NO,NULL,NULL,NULL,Last updated maintained for sub categories records.,FCI,,,
Ticket System,ad_prd_ticket_system,sub_categories,updated_by,varchar(50),NO,NO,NULL,NULL,NULL,User who last updated this record.,FCI,,,
Ticket System,ad_prd_ticket_system,sync_metadata,key,varchar(100),YES,NO,NOT NULL,NULL,NULL,Key maintained for sync metadata records.,FCI,,,
Ticket System,ad_prd_ticket_system,sync_metadata,value,varchar(255),NO,NO,NULL,NULL,NULL,Value maintained for sync metadata records.,FCI,,,
Ticket System,ad_prd_ticket_system,sync_metadata,updated_at,timestamp,NO,NO,NULL,NULL,NULL,Timestamp when this record was last updated.,FCI,,,
Ticket System,ad_prd_ticket_system,ticket_categories,id,varchar(36),YES,NO,NOT NULL,NULL,NULL,Unique identifier for this record.,FCI,,,
Ticket System,ad_prd_ticket_system,ticket_categories,category,varchar(255),NO,NO,NULL,NULL,NULL,Category maintained for ticket categories records.,FCI,,,
Ticket System,ad_prd_ticket_system,ticket_categories,subcategory,varchar(255),NO,NO,NULL,NULL,NULL,Subcategory maintained for ticket categories records.,FCI,,,
Ticket System,ad_prd_ticket_system,ticket_comments,id,varchar(36),YES,NO,NOT NULL,NULL,NULL,Unique identifier for this record.,FCI,,,
Ticket System,ad_prd_ticket_system,ticket_comments,comment,text,NO,NO,NULL,NULL,NULL,Comment text entered by user/support staff.,FCI,,,
Ticket System,ad_prd_ticket_system,ticket_comments,created_at,datetime,NO,NO,NULL,NULL,NULL,Timestamp when this record was created.,FCI,,,
Ticket System,ad_prd_ticket_system,ticket_comments,ticket_id,varchar(36),NO,YES,NULL,tickets,ticket_id,Reference to the related ticket.,FCI,,,
Ticket System,ad_prd_ticket_system,ticket_comments,created_by,varchar(100),NO,NO,NULL,NULL,NULL,User who created this record.,FCI,,,
Ticket System,ad_prd_ticket_system,ticket_comments,updated_by,varchar(100),NO,NO,NULL,NULL,NULL,User who last updated this record.,FCI,,,
Ticket System,ad_prd_ticket_system,ticket_comments,updated_at,datetime,NO,NO,NULL,NULL,NULL,Timestamp when this record was last updated.,FCI,,,
Ticket System,ad_prd_ticket_system,ticket_feedback,feedback_id,bigint,YES,NO,NOT NULL,NULL,NULL,Reference identifier of the related feedback.,FCI,,,
Ticket System,ad_prd_ticket_system,ticket_feedback,ticket_id,varchar(36),NO,NO,NOT NULL,NULL,NULL,Reference to the related ticket.,FCI,,,
Ticket System,ad_prd_ticket_system,ticket_feedback,ticket_id,varchar(36),NO,YES,NOT NULL,tickets,ticket_id,Reference to the related ticket.,FCI,,,
Ticket System,ad_prd_ticket_system,ticket_feedback,submitted_by,varchar(36),NO,NO,NULL,NULL,NULL,Submitted by maintained for ticket feedback records.,FCI,,,
Ticket System,ad_prd_ticket_system,ticket_feedback,submitted_at,datetime,NO,NO,NOT NULL,NULL,NULL,Timestamp for submitted.,FCI,,,
Ticket System,ad_prd_ticket_system,ticket_feedback,overall_satisfaction,tinyint,NO,NO,NOT NULL,NULL,NULL,Overall satisfaction maintained for ticket feedback records.,FCI,,,
Ticket System,ad_prd_ticket_system,ticket_feedback,resolution_effectiveness,tinyint,NO,NO,NOT NULL,NULL,NULL,Resolution effectiveness maintained for ticket feedback records.,FCI,,,
Ticket System,ad_prd_ticket_system,ticket_feedback,communication_support,tinyint,NO,NO,NOT NULL,NULL,NULL,Communication support maintained for ticket feedback records.,FCI,,,
Ticket System,ad_prd_ticket_system,ticket_feedback,timeliness,tinyint,NO,NO,NOT NULL,NULL,NULL,Timeliness maintained for ticket feedback records.,FCI,,,
Ticket System,ad_prd_ticket_system,ticket_feedback,comments,text,NO,NO,NULL,NULL,NULL,Comments maintained for ticket feedback records.,FCI,,,
Ticket System,ad_prd_ticket_system,ticket_sequences,id,bigint,YES,NO,NOT NULL,NULL,NULL,Unique identifier for this record.,FCI,,,
Ticket System,ad_prd_ticket_system,ticket_sequences,mode_id,varchar(50),NO,NO,NOT NULL,NULL,NULL,Reference identifier of the related mode.,FCI,,,
Ticket System,ad_prd_ticket_system,ticket_sequences,sequence_date,date,NO,NO,NOT NULL,NULL,NULL,Date for sequence.,FCI,,,
Ticket System,ad_prd_ticket_system,ticket_sequences,last_value,bigint,NO,NO,NOT NULL,NULL,NULL,Last value maintained for ticket sequences records.,FCI,,,
Ticket System,ad_prd_ticket_system,ticket_sequences,version,bigint,NO,NO,NOT NULL,NULL,NULL,Version maintained for ticket sequences records.,FCI,,,
Ticket System,ad_prd_ticket_system,ticket_sla,ticket_sla_id,varchar(36),YES,NO,NOT NULL,NULL,NULL,Reference identifier of the related ticket sla.,FCI,,,
Ticket System,ad_prd_ticket_system,ticket_sla,ticket_id,varchar(36),NO,YES,NOT NULL,tickets,ticket_id,Reference to the related ticket.,FCI,,,
Ticket System,ad_prd_ticket_system,ticket_sla,sla_id,varchar(36),NO,YES,NULL,sla_config,sla_id,Reference identifier of the related sla.,FCI,,,
Ticket System,ad_prd_ticket_system,ticket_sla,due_at,datetime,NO,NO,NULL,NULL,NULL,Due timestamp for completion.,FCI,,,
Ticket System,ad_prd_ticket_system,ticket_sla,actual_due_at,datetime,NO,NO,NULL,NULL,NULL,Timestamp for actual due.,FCI,,,
Ticket System,ad_prd_ticket_system,ticket_sla,due_at_after_escalation,datetime,NO,NO,NULL,NULL,NULL,Due at after escalation maintained for ticket sla records.,FCI,,,
Ticket System,ad_prd_ticket_system,ticket_sla,resolution_time_minutes,bigint,NO,NO,NULL,NULL,NULL,Resolution time minutes maintained for ticket sla records.,FCI,,,
Ticket System,ad_prd_ticket_system,ticket_sla,elapsed_time_minutes,bigint,NO,NO,NULL,NULL,NULL,Elapsed time minutes maintained for ticket sla records.,FCI,,,
Ticket System,ad_prd_ticket_system,ticket_sla,response_time_minutes,bigint,NO,NO,NULL,NULL,NULL,Response time minutes maintained for ticket sla records.,FCI,,,
Ticket System,ad_prd_ticket_system,ticket_sla,breached_by_minutes,bigint,NO,NO,NULL,NULL,NULL,Breached by minutes maintained for ticket sla records.,FCI,,,
Ticket System,ad_prd_ticket_system,ticket_sla,idle_time_minutes,bigint,NO,NO,NULL,NULL,NULL,Idle time minutes maintained for ticket sla records.,FCI,,,
Ticket System,ad_prd_ticket_system,ticket_status_workflow,TSW_Id,int,YES,NO,NOT NULL,NULL,NULL,Reference identifier of the related tsw.,FCI,,,
Ticket System,ad_prd_ticket_system,ticket_status_workflow,TSW_Action,varchar(255),NO,NO,NULL,NULL,NULL,Tsw action maintained for ticket status workflow records.,FCI,,,
Ticket System,ad_prd_ticket_system,ticket_status_workflow,TSW_Current_Status,int,NO,NO,NULL,NULL,NULL,Status of tsw current.,FCI,,,
Ticket System,ad_prd_ticket_system,ticket_status_workflow,TSW_Next_Status,int,NO,NO,NULL,NULL,NULL,Status of tsw next.,FCI,,,
Ticket System,ad_prd_ticket_system,tickets,ticket_id,varchar(36),YES,NO,NOT NULL,NULL,NULL,Reference to the related ticket.,FCI,,,
Ticket System,ad_prd_ticket_system,tickets,reported_date,datetime,NO,NO,NULL,NULL,NULL,Date for reported.,FCI,,,
Ticket System,ad_prd_ticket_system,tickets,mode,"enum('Email','Self','Call')",NO,NO,NULL,NULL,NULL,Mode maintained for tickets records.,FCI,,,
Ticket System,ad_prd_ticket_system,tickets,mode_id,varchar(10),NO,YES,NULL,mode_master,mode_id,Reference identifier of the related mode.,FCI,,,
Ticket System,ad_prd_ticket_system,tickets,user_id,varchar(36),NO,NO,NULL,NULL,NULL,Reference to the related user.,FCI,,,
Ticket System,ad_prd_ticket_system,tickets,requestor_name,varchar(100),NO,NO,NULL,NULL,NULL,Name of requestor.,FCI,,,
Ticket System,ad_prd_ticket_system,tickets,requestor_email_id,varchar(100),NO,NO,NULL,NULL,NULL,Reference identifier of the related requestor email.,FCI,,,
Ticket System,ad_prd_ticket_system,tickets,requestor_mobile_no,varchar(15),NO,NO,NULL,NULL,NULL,Requestor mobile no maintained for tickets records.,FCI,,,
Ticket System,ad_prd_ticket_system,tickets,subject,varchar(255),NO,NO,NOT NULL,NULL,NULL,Subject line for the ticket/message.,FCI,,,
Ticket System,ad_prd_ticket_system,tickets,description,text,NO,NO,NULL,NULL,NULL,Business description/details of the record.,FCI,,,
Ticket System,ad_prd_ticket_system,tickets,category,varchar(100),NO,NO,NULL,NULL,NULL,Category maintained for tickets records.,FCI,,,
Ticket System,ad_prd_ticket_system,tickets,sub_category,varchar(100),NO,NO,NULL,NULL,NULL,Sub category maintained for tickets records.,FCI,,,
Ticket System,ad_prd_ticket_system,tickets,priority,"enum('Critical','High','Medium','Low','P1','P2','P3','P4')",NO,NO,NOT NULL,NULL,NULL,Priority assigned to the record.,FCI,,,
Ticket System,ad_prd_ticket_system,tickets,is_master,tinyint(1),NO,NO,NULL,NULL,NULL,Boolean flag indicating whether master.,FCI,,,
Ticket System,ad_prd_ticket_system,tickets,master_id,varchar(36),NO,NO,NULL,NULL,NULL,Reference identifier of the related master.,FCI,,,
Ticket System,ad_prd_ticket_system,tickets,last_modified,timestamp,NO,NO,NULL,NULL,NULL,Last modified maintained for tickets records.,FCI,,,
Ticket System,ad_prd_ticket_system,tickets,status,varchar(50),NO,NO,NULL,NULL,NULL,Current status of the record.,FCI,,,
Ticket System,ad_prd_ticket_system,tickets,assigned_to_level,varchar(20),NO,NO,NULL,NULL,NULL,Assigned to level maintained for tickets records.,FCI,,,
Ticket System,ad_prd_ticket_system,tickets,level_id,varchar(20),NO,NO,NULL,NULL,NULL,Reference identifier of the related level.,FCI,,,
Ticket System,ad_prd_ticket_system,tickets,assigned_to,varchar(100),NO,NO,NULL,NULL,NULL,User currently assigned to the ticket/action.,FCI,,,
Ticket System,ad_prd_ticket_system,tickets,assigned_by,varchar(50),NO,NO,NULL,NULL,NULL,User who assigned the ticket/action.,FCI,,,
Ticket System,ad_prd_ticket_system,tickets,severity,varchar(50),NO,NO,NULL,NULL,NULL,Severity assigned to the record.,FCI,,,
Ticket System,ad_prd_ticket_system,tickets,recommended_severity,varchar(50),NO,NO,NULL,NULL,NULL,Recommended severity maintained for tickets records.,FCI,,,
Ticket System,ad_prd_ticket_system,tickets,severity_recommended_by,varchar(100),NO,NO,NULL,NULL,NULL,Severity recommended by maintained for tickets records.,FCI,,,
Ticket System,ad_prd_ticket_system,tickets,impact,varchar(50),NO,NO,NULL,NULL,NULL,Impact maintained for tickets records.,FCI,,,
Ticket System,ad_prd_ticket_system,tickets,stakeholder,varchar(50),NO,NO,NULL,NULL,NULL,Stakeholder maintained for tickets records.,FCI,,,
Ticket System,ad_prd_ticket_system,tickets,status_id,varchar(36),NO,NO,NULL,NULL,NULL,Reference identifier of the related status.,FCI,,,
Ticket System,ad_prd_ticket_system,tickets,resolved_at,datetime,NO,NO,NULL,NULL,NULL,Timestamp when ticket was resolved.,FCI,,,
Ticket System,ad_prd_ticket_system,tickets,feedback_status,"enum('PENDING','PROVIDED','NOT_PROVIDED')",NO,NO,NULL,NULL,NULL,Status of feedback.,FCI,,,
Ticket System,ad_prd_ticket_system,tickets,updated_by,varchar(100),NO,NO,NULL,NULL,NULL,User who last updated this record.,FCI,,,
Ticket System,ad_prd_ticket_system,tickets,office,varchar(100),NO,NO,NULL,NULL,NULL,Office maintained for tickets records.,FCI,,,
Ticket System,ad_prd_ticket_system,tickets,office_code,varchar(100),NO,NO,NULL,NULL,NULL,Code representing office.,FCI,,,
Ticket System,ad_prd_ticket_system,tickets,district_code,varchar(50),NO,NO,NULL,NULL,NULL,Code representing district.,FCI,,,
Ticket System,ad_prd_ticket_system,tickets,zone_code,varchar(50),NO,NO,NULL,NULL,NULL,Code representing zone.,FCI,,,
Ticket System,ad_prd_ticket_system,tickets,region_code,varchar(50),NO,NO,NULL,NULL,NULL,Code representing region.,FCI,,,
Ticket System,ad_prd_ticket_system,tickets,region_name,varchar(255),NO,NO,NULL,NULL,NULL,Name of region.,FCI,,,
Ticket System,ad_prd_ticket_system,tickets,district_name,varchar(255),NO,NO,NULL,NULL,NULL,Name of district.,FCI,,,
Ticket System,ad_prd_ticket_system,tickets,created_by,varchar(50),NO,NO,NULL,NULL,NULL,User who created this record.,FCI,,,
Ticket System,ad_prd_ticket_system,tickets,issue_type_id,varchar(3),NO,NO,NULL,NULL,NULL,Reference identifier of the related issue type.,FCI,,,
Ticket System,ad_prd_ticket_system,tickets,last_modified_status_date,datetime,NO,NO,NULL,NULL,NULL,Date for last modified status.,FCI,,,
Ticket System,ad_prd_ticket_system,tickets,division,varchar(20),NO,YES,NULL,division_master,division_id,Division maintained for tickets records.,FCI,,,
Ticket System,ad_prd_ticket_system,trigger_job,trigger_job_id,bigint,YES,NO,NOT NULL,NULL,NULL,Reference identifier of the related trigger job.,FCI,,,
Ticket System,ad_prd_ticket_system,trigger_job,trigger_job_code,varchar(80),NO,NO,NOT NULL,NULL,NULL,Code representing trigger job.,FCI,,,
Ticket System,ad_prd_ticket_system,trigger_job,trigger_job_name,varchar(120),NO,NO,NOT NULL,NULL,NULL,Name of trigger job.,FCI,,,
Ticket System,ad_prd_ticket_system,trigger_job,batch_size,int,NO,NO,NOT NULL,NULL,NULL,Batch size maintained for trigger job records.,FCI,,,
Ticket System,ad_prd_ticket_system,trigger_job,trigger_period,varchar(20),NO,NO,NOT NULL,NULL,NULL,Trigger period maintained for trigger job records.,FCI,,,
Ticket System,ad_prd_ticket_system,trigger_job,cron_expression,varchar(120),NO,NO,NULL,NULL,NULL,Cron expression used for scheduling.,FCI,,,
Ticket System,ad_prd_ticket_system,trigger_job,running,bit(1),NO,NO,NOT NULL,NULL,NULL,Running maintained for trigger job records.,FCI,,,
Ticket System,ad_prd_ticket_system,uploaded_files,uploaded_file_id,varchar(36),YES,NO,NOT NULL,NULL,NULL,Reference identifier of the related uploaded file.,FCI,,,
Ticket System,ad_prd_ticket_system,uploaded_files,file_name,varchar(255),NO,NO,NOT NULL,NULL,NULL,Original name of the uploaded file.,FCI,,,
Ticket System,ad_prd_ticket_system,uploaded_files,file_extension,varchar(50),NO,NO,NULL,NULL,NULL,File extension maintained for uploaded files records.,FCI,,,
Ticket System,ad_prd_ticket_system,uploaded_files,relative_path,varchar(512),NO,NO,NULL,NULL,NULL,Relative path maintained for uploaded files records.,FCI,,,
Ticket System,ad_prd_ticket_system,uploaded_files,uploaded_by,varchar(100),NO,NO,NULL,NULL,NULL,Uploaded by maintained for uploaded files records.,FCI,,,
Ticket System,ad_prd_ticket_system,uploaded_files,ticket_id,varchar(36),NO,YES,NOT NULL,tickets,ticket_id,Reference to the related ticket.,FCI,,,
Ticket System,ad_prd_ticket_system,uploaded_files,uploaded_on,timestamp,NO,NO,NULL,NULL,NULL,Uploaded on maintained for uploaded files records.,FCI,,,
Ticket System,ad_prd_ticket_system,uploaded_files,is_active,"enum('Y','N')",NO,NO,NOT NULL,NULL,NULL,Flag indicating whether the record is active.,FCI,,,
Ticket System,ad_prd_ticket_system,user_levels,user_id,varchar(100),NO,YES,NOT NULL,users,user_id,Reference to the related user.,FCI,,,
Ticket System,ad_prd_ticket_system,user_levels,user_id,varchar(100),YES,NO,NOT NULL,NULL,NULL,Reference to the related user.,FCI,,,
Ticket System,ad_prd_ticket_system,user_levels,level_id,int,NO,YES,NOT NULL,levels,level_id,Reference identifier of the related level.,FCI,,,
Ticket System,ad_prd_ticket_system,user_levels,level_id,int,NO,YES,NOT NULL,levels,level_id,Reference identifier of the related level.,FCI,,,
Ticket System,ad_prd_ticket_system,user_levels,level_id,int,YES,NO,NOT NULL,NULL,NULL,Reference identifier of the related level.,FCI,,,
Ticket System,ad_prd_ticket_system,user_levels,level_ids,varchar(45),NO,NO,NULL,NULL,NULL,Level ids maintained for user levels records.,FCI,,,
Ticket System,ad_prd_ticket_system,user_refresh_tokens,id,varchar(36),YES,NO,NOT NULL,NULL,NULL,Unique identifier for this record.,FCI,,,
Ticket System,ad_prd_ticket_system,user_refresh_tokens,user_id,varchar(100),NO,NO,NOT NULL,NULL,NULL,Reference to the related user.,FCI,,,
Ticket System,ad_prd_ticket_system,user_refresh_tokens,refresh_token_hash,varchar(255),NO,NO,NOT NULL,NULL,NULL,Refresh token hash maintained for user refresh tokens records.,FCI,,,
Ticket System,ad_prd_ticket_system,user_refresh_tokens,expires_at,datetime,NO,NO,NOT NULL,NULL,NULL,Timestamp when value/token expires.,FCI,,,
Ticket System,ad_prd_ticket_system,user_refresh_tokens,issued_at,datetime,NO,NO,NOT NULL,NULL,NULL,Timestamp for issued.,FCI,,,
Ticket System,ad_prd_ticket_system,user_refresh_tokens,revoked_at,datetime,NO,NO,NULL,NULL,NULL,Timestamp for revoked.,FCI,,,
Ticket System,ad_prd_ticket_system,users,user_id,varchar(100),YES,NO,NOT NULL,NULL,NULL,Reference to the related user.,FCI,,,
Ticket System,ad_prd_ticket_system,users,name,varchar(100),NO,NO,NULL,NULL,NULL,Display name of the record.,FCI,,,
Ticket System,ad_prd_ticket_system,users,email_id,varchar(100),NO,NO,NULL,NULL,NULL,Reference identifier of the related email.,FCI,,,
Ticket System,ad_prd_ticket_system,users,mobile_no,varchar(15),NO,NO,NULL,NULL,NULL,Mobile no maintained for users records.,FCI,,,
Ticket System,ad_prd_ticket_system,users,office,varchar(100),NO,NO,NULL,NULL,NULL,Office maintained for users records.,FCI,,,
Ticket System,ad_prd_ticket_system,users,username,varchar(50),NO,NO,NULL,NULL,NULL,Username maintained for users records.,FCI,,,
Ticket System,ad_prd_ticket_system,users,password,varchar(255),NO,NO,NULL,NULL,NULL,Hashed password value.,FCI,,,
Ticket System,ad_prd_ticket_system,users,roles,varchar(255),NO,NO,NULL,NULL,NULL,Roles maintained for users records.,FCI,,,
Ticket System,ad_prd_ticket_system,users,stakeholder,varchar(50),NO,NO,NULL,NULL,NULL,Stakeholder maintained for users records.,FCI,,,
Ticket System,ad_prd_ticket_system,vw_ticket_report,ticket_id,varchar(36),NO,NO,NOT NULL,NULL,NULL,Reference to the related ticket.,FCI,,,
Ticket System,ad_prd_ticket_system,vw_ticket_report,reported_date,datetime,NO,NO,NULL,NULL,NULL,Date for reported.,FCI,,,
Ticket System,ad_prd_ticket_system,vw_ticket_report,requestor_name,varchar(100),NO,NO,NULL,NULL,NULL,Name of requestor.,FCI,,,
Ticket System,ad_prd_ticket_system,vw_ticket_report,remark,varchar(255),NO,NO,NULL,NULL,NULL,Remark maintained for vw ticket report records.,FCI,,,
Ticket System,ad_prd_ticket_system,vw_ticket_report,updated_by,varchar(100),NO,NO,NULL,NULL,NULL,User who last updated this record.,FCI,,,
Ticket System,ad_prd_ticket_system,vw_ticket_report,status,varchar(50),NO,NO,NULL,NULL,NULL,Current status of the record.,FCI,,,
Ticket System,ad_prd_ticket_system,vw_ticket_report,subject,varchar(255),NO,NO,NOT NULL,NULL,NULL,Subject line for the ticket/message.,FCI,,,
Ticket System,ad_prd_ticket_system,vw_ticket_report,description,text,NO,NO,NULL,NULL,NULL,Business description/details of the record.,FCI,,,
Ticket System,ad_prd_ticket_system,vw_ticket_report,module,varchar(100),NO,NO,NULL,NULL,NULL,Module maintained for vw ticket report records.,FCI,,,
Ticket System,ad_prd_ticket_system,vw_ticket_report,sub_module,varchar(100),NO,NO,NULL,NULL,NULL,Sub module maintained for vw ticket report records.,FCI,,,
Ticket System,ad_prd_ticket_system,vw_ticket_report,issue_type,varchar(100),NO,NO,NULL,NULL,NULL,Type/category of issue.,FCI,,,
Ticket System,ad_prd_ticket_system,vw_ticket_report,assigned_to,varchar(100),NO,NO,NULL,NULL,NULL,User currently assigned to the ticket/action.,FCI,,,
Ticket System,ad_prd_ticket_system,vw_ticket_report,priority,varchar(80),NO,NO,NULL,NULL,NULL,Priority assigned to the record.,FCI,,,
Ticket System,ad_prd_ticket_system,vw_ticket_report,severity,varchar(40),NO,NO,NULL,NULL,NULL,Severity assigned to the record.,FCI,,,
Ticket System,ad_prd_ticket_system,vw_ticket_report,office_code,varchar(100),NO,NO,NULL,NULL,NULL,Code representing office.,FCI,,,
Ticket System,ad_prd_ticket_system,vw_ticket_report,district_name,varchar(100),NO,NO,NULL,NULL,NULL,Name of district.,FCI,,,
Ticket System,ad_prd_ticket_system,vw_ticket_report,district_code,varchar(10),NO,NO,NULL,NULL,NULL,Code representing district.,FCI,,,
Ticket System,ad_prd_ticket_system,vw_ticket_report,zone_code,varchar(10),NO,NO,NULL,NULL,NULL,Code representing zone.,FCI,,,
Ticket System,ad_prd_ticket_system,vw_ticket_report,zone_name,varchar(100),NO,NO,NULL,NULL,NULL,Name of zone.,FCI,,,
Ticket System,ad_prd_ticket_system,vw_ticket_report,region_name,varchar(100),NO,NO,NULL,NULL,NULL,Name of region.,FCI,,,
Ticket System,ad_prd_ticket_system,vw_ticket_report,region_code,varchar(10),NO,NO,NULL,NULL,NULL,Code representing region.,FCI,,,
Ticket System,ad_prd_ticket_system,vw_ticket_report,requestor_user_id,varchar(36),NO,NO,NULL,NULL,NULL,Reference identifier of the related requestor user.,FCI,,,
Ticket System,ad_prd_ticket_system,vw_ticket_report,requestor_email_id,varchar(100),NO,NO,NULL,NULL,NULL,Reference identifier of the related requestor email.,FCI,,,
Ticket System,ad_prd_ticket_system,vw_ticket_report,requestor_mobile_no,varchar(15),NO,NO,NULL,NULL,NULL,Requestor mobile no maintained for vw ticket report records.,FCI,,,
Ticket System,ad_prd_ticket_system,zone_master,zone_code,varchar(10),YES,NO,NOT NULL,NULL,NULL,Code representing zone.,FCI,,,
Ticket System,ad_prd_ticket_system,zone_master,zone_name,varchar(100),NO,NO,NOT NULL,NULL,NULL,Name of zone.,FCI,,,
Ticket System,ad_prd_ticket_system,zone_master,hrms_zone_code,varchar(10),NO,NO,NOT NULL,NULL,NULL,Code representing hrms zone.,FCI,,,
